Shipment ID,Shipment Date,Customer,Origin State,Destination State,Service Level,Parcel Type,Weight (kg),Length (cm),Width (cm),Height (cm),Selling Price (RM)
JEN1000000001MY,21-Jul-26,Ahmad,Selangor,WPKL,Economy,Small,1.51,18,13,4,8
JEN1000000002MY,21-Jul-26,Lim,Pahang,Selangor,Economy,Small,1.22,15,10,3,8
JEN1000000003MY,21-Jul-26,Nurul,Penang,Pahang,Economy,Small,1.24,23,13,10,8
JEN1000000004MY,21-Jul-26,Raj,Penang,Kelantan,Economy,Small,1.22,15,12,8,8
JEN1000000005MY,21-Jul-26,Nurul,Perak,Johor,Economy,Small,0.51,20,11,3,8
JEN1000000006MY,21-Jul-26,Lee,Selangor,Sabah,Economy,Small,1.71,24,14,2,8
JEN1000000007MY,21-Jul-26,Tan,Pahang,Selangor,Economy,Small,1.95,21,11,10,8
JEN1000000008MY,21-Jul-26,Tan,Sabah,Penang,Economy,Small,1.44,15,20,5,8
JEN1000000009MY,21-Jul-26,Raj,Selangor,Penang,Economy,Small,1.75,21,14,9,8
JEN1000000010MY,21-Jul-26,Hafiz,Johor,Sabah,Economy,Small,0.78,25,14,3,8
JEN1000000011MY,21-Jul-26,Tan,Johor,Pahang,Economy,Small,1.49,17,17,8,8
JEN1000000012MY,21-Jul-26,Raj,Pahang,Penang,Economy,Small,1.4,15,13,2,8
JEN1000000013MY,21-Jul-26,Lee,Sarawak,Perak,Economy,Small,0.23,24,15,5,8
JEN1000000014MY,21-Jul-26,Aina,Sarawak,Kelantan,Economy,Small,0.37,17,13,10,8
JEN1000000015MY,21-Jul-26,Siti,Perak,Sarawak,Economy,Small,1.81,21,15,5,8
JEN1000000016MY,21-Jul-26,Siti,Pahang,Kelantan,Economy,Small,0.27,15,11,4,8
JEN1000000017MY,21-Jul-26,Tan,Sarawak,Selangor,Economy,Small,0.83,24,17,10,8
JEN1000000018MY,21-Jul-26,Tan,Pahang,WPKL,Economy,Small,1.39,16,20,10,8
JEN1000000019MY,21-Jul-26,Tan,Sabah,Selangor,Economy,Small,0.66,17,17,2,8
JEN1000000020MY,21-Jul-26,Aina,Pahang,Johor,Economy,Small,1.06,16,20,6,8
JEN1000000021MY,21-Jul-26,Zana,Penang,Johor,Economy,Small,0.81,17,18,10,8
JEN1000000022MY,21-Jul-26,Zana,Sabah,Kelantan,Economy,Small,0.14,20,14,5,8
JEN1000000023MY,21-Jul-26,Siti,Penang,Selangor,Economy,Small,0.26,22,11,10,8
JEN1000000024MY,21-Jul-26,Hafiz,Johor,Kelantan,Economy,Small,1.9,17,14,10,8
JEN1000000025MY,21-Jul-26,Raj,Sarawak,Penang,Economy,Small,1.86,18,14,8,8
JEN1000000026MY,21-Jul-26,Raj,Kelantan,Pahang,Economy,Small,0.96,18,13,3,8
JEN1000000027MY,21-Jul-26,Zana,WPKL,Pahang,Economy,Small,0.54,18,10,3,8
JEN1000000028MY,21-Jul-26,Lim,Penang,Selangor,Economy,Small,1.82,20,11,10,8
JEN1000000029MY,21-Jul-26,Lim,Perak,Kelantan,Economy,Small,0.51,17,19,9,8
JEN1000000030MY,21-Jul-26,Raj,Kelantan,Sarawak,Economy,Small,0.46,16,20,8,8
JEN1000000031MY,21-Jul-26,Zana,Sarawak,Sarawak,Economy,Small,0.99,15,20,3,8
JEN1000000032MY,21-Jul-26,Lim,Sarawak,Sabah,Economy,Small,1.62,16,13,5,8
JEN1000000033MY,21-Jul-26,Lim,Pahang,Kelantan,Economy,Small,0.37,17,14,9,8
JEN1000000034MY,21-Jul-26,Aina,Selangor,Kelantan,Economy,Small,1.64,23,11,2,8
JEN1000000035MY,21-Jul-26,Lee,WPKL,Selangor,Economy,Small,1.86,18,12,8,8
JEN1000000036MY,21-Jul-26,Zana,Kelantan,Penang,Economy,Small,1.74,15,12,8,8
JEN1000000037MY,21-Jul-26,Aina,Sarawak,Perak,Economy,Small,1.86,22,14,8,8
JEN1000000038MY,21-Jul-26,Zana,Kelantan,Johor,Economy,Small,0.46,18,10,10,8
JEN1000000039MY,21-Jul-26,Siti,Sabah,WPKL,Economy,Small,0.2,22,18,10,8
JEN1000000040MY,21-Jul-26,Lim,WPKL,Pahang,Economy,Small,0.25,17,11,3,8
JEN1000000041MY,21-Jul-26,Hafiz,Sarawak,Selangor,Economy,Small,1.89,24,13,2,8
JEN1000000042MY,21-Jul-26,Tan,Selangor,Sarawak,Economy,Small,1.35,24,18,7,8
JEN1000000043MY,21-Jul-26,Lee,Penang,Sabah,Economy,Small,0.55,21,12,6,8
JEN1000000044MY,21-Jul-26,Ahmad,Sabah,Selangor,Economy,Small,0.12,24,19,3,8
JEN1000000045MY,21-Jul-26,Lim,Pahang,Penang,Economy,Small,1.06,17,15,3,8
JEN1000000046MY,21-Jul-26,Zana,Sabah,Perak,Economy,Small,0.4,23,14,10,8
JEN1000000047MY,21-Jul-26,Ahmad,Pahang,Perak,Economy,Small,1.87,16,12,6,8
JEN1000000048MY,21-Jul-26,Raj,Selangor,Pahang,Economy,Small,0.4,19,19,5,8
JEN1000000049MY,21-Jul-26,Nurul,Penang,Perak,Economy,Small,1.06,19,10,3,8
JEN1000000050MY,21-Jul-26,Siti,Perak,WPKL,Economy,Small,0.11,17,20,6,8
JEN1000000051MY,21-Jul-26,Ahmad,Kelantan,Pahang,Economy,Small,1.44,23,10,3,8
JEN1000000052MY,21-Jul-26,Siti,Johor,Pahang,Economy,Small,0.17,20,19,10,8
JEN1000000053MY,21-Jul-26,Lim,Sarawak,Johor,Economy,Small,0.18,20,10,7,8
JEN1000000054MY,21-Jul-26,Lim,Penang,Selangor,Economy,Small,0.77,23,16,4,8
JEN1000000055MY,21-Jul-26,Nurul,Johor,Johor,Economy,Small,1.77,15,12,7,8
JEN1000000056MY,21-Jul-26,Lee,Penang,Perak,Economy,Small,0.4,16,16,2,8
JEN1000000057MY,21-Jul-26,Lim,Penang,Penang,Economy,Small,1.65,22,15,6,8
JEN1000000058MY,21-Jul-26,Ahmad,Penang,WPKL,Economy,Small,1.35,21,15,6,8
JEN1000000059MY,21-Jul-26,Raj,Perak,Sabah,Economy,Small,1.32,21,20,10,8
JEN1000000060MY,21-Jul-26,Zana,WPKL,Selangor,Economy,Small,1.77,19,12,6,8
JEN1000000061MY,21-Jul-26,Ahmad,Selangor,Sarawak,Economy,Small,0.76,20,16,10,8
JEN1000000062MY,21-Jul-26,Aina,Sarawak,Penang,Economy,Small,0.58,21,10,10,8
JEN1000000063MY,21-Jul-26,Ahmad,Penang,Sabah,Economy,Small,0.92,25,15,7,8
JEN1000000064MY,21-Jul-26,Tan,Perak,Pahang,Economy,Small,0.69,21,15,8,8
JEN1000000065MY,21-Jul-26,Hafiz,Pahang,Johor,Economy,Small,0.46,25,16,4,8
JEN1000000066MY,21-Jul-26,Lim,Perak,Sarawak,Economy,Small,1.14,15,14,6,8
JEN1000000067MY,21-Jul-26,Aina,Sarawak,Sabah,Economy,Small,0.98,22,20,5,8
JEN1000000068MY,21-Jul-26,Ahmad,Kelantan,Johor,Economy,Small,1.35,19,18,7,8
JEN1000000069MY,21-Jul-26,Zana,Penang,Perak,Economy,Small,0.53,18,12,2,8
JEN1000000070MY,21-Jul-26,Hafiz,Penang,Kelantan,Economy,Small,1.26,16,17,8,8
JEN1000000071MY,21-Jul-26,Ahmad,Penang,Sarawak,Economy,Small,1.04,18,12,2,8
JEN1000000072MY,21-Jul-26,Aina,Sarawak,Penang,Economy,Small,0.43,23,17,2,8
JEN1000000073MY,21-Jul-26,Aina,Penang,Selangor,Economy,Small,0.97,22,20,10,8
JEN1000000074MY,21-Jul-26,Lee,Sabah,Kelantan,Economy,Small,1.26,23,16,10,8
JEN1000000075MY,21-Jul-26,Aina,Johor,Kelantan,Economy,Small,0.96,18,20,6,8
JEN1000000076MY,21-Jul-26,Tan,Kelantan,Penang,Economy,Small,0.62,16,14,5,8
JEN1000000077MY,21-Jul-26,Lim,Sabah,Sabah,Economy,Small,1.8,16,12,4,8
JEN1000000078MY,21-Jul-26,Raj,Sarawak,Johor,Economy,Small,1.44,16,16,8,8
JEN1000000079MY,21-Jul-26,Hafiz,Pahang,Kelantan,Economy,Small,0.89,18,16,8,8
JEN1000000080MY,21-Jul-26,Nurul,WPKL,Sarawak,Economy,Small,1.01,20,14,8,8
JEN1000000081MY,21-Jul-26,Tan,Pahang,Pahang,Economy,Small,1.62,18,17,5,8
JEN1000000082MY,21-Jul-26,Siti,Sarawak,Kelantan,Economy,Small,0.16,20,20,8,8
JEN1000000083MY,21-Jul-26,Hafiz,Kelantan,Johor,Economy,Small,1.96,23,10,8,8
JEN1000000084MY,21-Jul-26,Zana,WPKL,Selangor,Economy,Small,1.32,17,17,4,8
JEN1000000085MY,21-Jul-26,Nurul,Perak,Sarawak,Economy,Small,0.72,22,15,7,8
JEN1000000086MY,21-Jul-26,Aina,Perak,Sarawak,Economy,Small,0.58,16,17,2,8
JEN1000000087MY,21-Jul-26,Zana,WPKL,Sabah,Economy,Small,0.53,16,20,2,8
JEN1000000088MY,21-Jul-26,Siti,Penang,Penang,Economy,Small,1.69,24,12,5,8
JEN1000000089MY,21-Jul-26,Raj,Kelantan,Selangor,Economy,Small,1.17,18,17,6,8
JEN1000000090MY,21-Jul-26,Hafiz,Johor,Selangor,Economy,Small,1.58,17,14,3,8
JEN1000000091MY,21-Jul-26,Ahmad,WPKL,Perak,Economy,Small,1.19,21,16,5,8
JEN1000000092MY,21-Jul-26,Hafiz,Penang,Selangor,Economy,Small,1.42,19,20,3,8
JEN1000000093MY,21-Jul-26,Aina,WPKL,Sabah,Economy,Small,1.11,25,15,3,8
JEN1000000094MY,21-Jul-26,Raj,Sabah,WPKL,Economy,Small,1.71,22,11,8,8
JEN1000000095MY,21-Jul-26,Hafiz,Kelantan,Johor,Economy,Small,0.93,23,20,6,8
JEN1000000096MY,21-Jul-26,Lim,Pahang,Kelantan,Economy,Small,0.98,24,14,7,8
JEN1000000097MY,21-Jul-26,Raj,Selangor,Perak,Economy,Small,1.78,18,17,8,8
JEN1000000098MY,21-Jul-26,Raj,WPKL,Kelantan,Economy,Small,1.72,17,17,5,8
JEN1000000099MY,21-Jul-26,Zana,Perak,Sabah,Economy,Small,0.63,24,14,10,8
JEN1000000100MY,21-Jul-26,Lim,Pahang,Penang,Economy,Small,0.26,21,17,10,8
JEN1000000101MY,21-Jul-26,Lim,Kelantan,Kelantan,Economy,Small,0.95,15,11,6,8
JEN1000000102MY,21-Jul-26,Aina,Sarawak,Penang,Economy,Small,0.68,24,15,9,8
JEN1000000103MY,21-Jul-26,Lee,Pahang,Sabah,Economy,Small,0.91,23,15,7,8
JEN1000000104MY,21-Jul-26,Ahmad,Perak,Perak,Economy,Small,0.58,16,13,7,8
JEN1000000105MY,21-Jul-26,Hafiz,Pahang,Johor,Economy,Small,0.46,22,14,10,8
JEN1000000106MY,21-Jul-26,Siti,Perak,Selangor,Economy,Small,1.68,19,13,7,8
JEN1000000107MY,21-Jul-26,Zana,Perak,WPKL,Economy,Small,1.45,17,14,2,8
JEN1000000108MY,21-Jul-26,Ahmad,Pahang,Perak,Economy,Small,1.43,17,20,9,8
JEN1000000109MY,21-Jul-26,Zana,WPKL,Perak,Economy,Small,0.99,22,15,4,8
JEN1000000110MY,21-Jul-26,Ahmad,Perak,Kelantan,Economy,Small,0.32,16,16,9,8
JEN1000000111MY,21-Jul-26,Lim,WPKL,Johor,Economy,Small,0.38,24,14,3,8
JEN1000000112MY,21-Jul-26,Aina,Selangor,Pahang,Economy,Small,1.55,24,19,5,8
JEN1000000113MY,21-Jul-26,Tan,Sarawak,Kelantan,Economy,Small,1.83,19,19,8,8
JEN1000000114MY,21-Jul-26,Tan,WPKL,Selangor,Economy,Small,1.9,18,20,5,8
JEN1000000115MY,21-Jul-26,Zana,Selangor,Johor,Economy,Small,0.56,23,11,4,8
JEN1000000116MY,21-Jul-26,Lim,Sarawak,Kelantan,Economy,Small,1.41,22,14,2,8
JEN1000000117MY,21-Jul-26,Tan,Perak,Perak,Economy,Small,1.44,22,11,5,8
JEN1000000118MY,21-Jul-26,Tan,Penang,Sarawak,Economy,Small,0.32,18,20,4,8
JEN1000000119MY,21-Jul-26,Lee,Johor,Selangor,Economy,Small,0.21,19,19,6,8
JEN1000000120MY,21-Jul-26,Aina,Selangor,Kelantan,Economy,Small,1.41,21,14,10,8
JEN1000000121MY,21-Jul-26,Hafiz,Kelantan,Kelantan,Economy,Small,0.25,15,16,7,8
JEN1000000122MY,21-Jul-26,Tan,Perak,WPKL,Economy,Small,0.27,25,19,2,8
JEN1000000123MY,21-Jul-26,Siti,WPKL,Johor,Economy,Small,0.99,25,17,6,8
JEN1000000124MY,21-Jul-26,Raj,Sarawak,Kelantan,Economy,Small,1.94,22,15,8,8
JEN1000000125MY,21-Jul-26,Tan,Sabah,Selangor,Economy,Small,1.73,20,16,9,8
JEN1000000126MY,21-Jul-26,Raj,Sarawak,Pahang,Economy,Small,0.17,16,15,6,8
JEN1000000127MY,21-Jul-26,Lee,Selangor,Sarawak,Economy,Small,1.74,15,20,10,8
JEN1000000128MY,21-Jul-26,Lee,Sarawak,WPKL,Economy,Small,0.46,20,19,9,8
JEN1000000129MY,21-Jul-26,Lee,WPKL,Penang,Economy,Small,0.61,17,14,9,8
JEN1000000130MY,21-Jul-26,Tan,Selangor,WPKL,Economy,Small,1.95,24,13,4,8
JEN1000000131MY,21-Jul-26,Lee,Pahang,WPKL,Economy,Small,1.15,16,13,3,8
JEN1000000132MY,21-Jul-26,Nurul,Selangor,Johor,Economy,Small,1.05,19,18,6,8
JEN1000000133MY,21-Jul-26,Lim,Kelantan,Kelantan,Economy,Small,0.56,23,12,8,8
JEN1000000134MY,21-Jul-26,Aina,Pahang,Johor,Economy,Small,1.74,19,16,7,8
JEN1000000135MY,21-Jul-26,Siti,Perak,WPKL,Economy,Small,0.64,19,19,9,8
JEN1000000136MY,21-Jul-26,Nurul,Kelantan,Pahang,Economy,Small,1.02,20,18,10,8
JEN1000000137MY,21-Jul-26,Lim,Kelantan,Sabah,Economy,Small,1.75,18,19,8,8
JEN1000000138MY,21-Jul-26,Siti,Sarawak,WPKL,Economy,Small,0.7,22,16,8,8
JEN1000000139MY,21-Jul-26,Lee,Kelantan,WPKL,Economy,Small,0.34,24,15,3,8
JEN1000000140MY,21-Jul-26,Siti,Selangor,Pahang,Economy,Small,1.83,15,12,8,8
JEN1000000141MY,21-Jul-26,Ahmad,Selangor,Kelantan,Economy,Small,1.58,19,15,8,8
JEN1000000142MY,21-Jul-26,Aina,Sabah,Pahang,Economy,Small,0.82,20,20,9,8
JEN1000000143MY,21-Jul-26,Ahmad,WPKL,Selangor,Economy,Small,0.55,25,14,5,8
JEN1000000144MY,21-Jul-26,Tan,Sarawak,Selangor,Economy,Small,1.54,16,17,4,8
JEN1000000145MY,21-Jul-26,Raj,WPKL,WPKL,Economy,Small,0.72,15,14,7,8
JEN1000000146MY,21-Jul-26,Siti,Sarawak,Johor,Economy,Small,0.56,21,19,4,8
JEN1000000147MY,21-Jul-26,Lee,Johor,Selangor,Economy,Small,1.26,21,19,5,8
JEN1000000148MY,21-Jul-26,Zana,Johor,Penang,Economy,Small,0.98,19,17,6,8
JEN1000000149MY,21-Jul-26,Raj,Kelantan,Perak,Economy,Small,1.39,17,11,9,8
JEN1000000150MY,21-Jul-26,Nurul,Perak,Sarawak,Economy,Small,1.41,22,14,5,8
JEN1000000151MY,21-Jul-26,Tan,Kelantan,Selangor,Economy,Small,0.55,24,15,6,8
JEN1000000152MY,21-Jul-26,Hafiz,WPKL,Sarawak,Economy,Small,0.62,24,20,2,8
JEN1000000153MY,21-Jul-26,Lim,Kelantan,Perak,Economy,Small,1.57,18,19,7,8
JEN1000000154MY,21-Jul-26,Ahmad,Penang,Perak,Economy,Small,1.39,25,20,4,8
JEN1000000155MY,21-Jul-26,Siti,WPKL,Perak,Economy,Small,1.6,15,19,7,8
JEN1000000156MY,21-Jul-26,Siti,Selangor,Perak,Economy,Small,0.72,21,12,5,8
JEN1000000157MY,21-Jul-26,Lee,Pahang,Sabah,Economy,Small,1.11,19,12,6,8
JEN1000000158MY,21-Jul-26,Lim,Perak,Sabah,Economy,Small,1.63,22,11,4,8
JEN1000000159MY,21-Jul-26,Aina,Sarawak,Pahang,Economy,Small,0.79,21,10,6,8
JEN1000000160MY,21-Jul-26,Raj,Selangor,Kelantan,Economy,Small,0.8,25,14,8,8
JEN1000000161MY,21-Jul-26,Hafiz,Selangor,Penang,Economy,Small,1,24,18,7,8
JEN1000000162MY,21-Jul-26,Ahmad,Penang,Selangor,Economy,Small,1.31,22,14,8,8
JEN1000000163MY,21-Jul-26,Ahmad,Johor,WPKL,Economy,Small,1.9,19,17,3,8
JEN1000000164MY,21-Jul-26,Nurul,Penang,Pahang,Economy,Small,0.36,22,15,10,8
JEN1000000165MY,21-Jul-26,Tan,Johor,Sarawak,Economy,Small,1.34,22,19,8,8
JEN1000000166MY,21-Jul-26,Ahmad,WPKL,Sabah,Economy,Small,0.51,22,13,7,8
JEN1000000167MY,21-Jul-26,Nurul,Sabah,Pahang,Economy,Small,1.81,25,15,2,8
JEN1000000168MY,21-Jul-26,Hafiz,Perak,Penang,Economy,Small,1.94,22,11,5,8
JEN1000000169MY,21-Jul-26,Ahmad,WPKL,WPKL,Economy,Small,1.59,18,12,5,8
JEN1000000170MY,21-Jul-26,Hafiz,Pahang,Penang,Economy,Small,1.21,18,15,4,8
JEN1000000171MY,21-Jul-26,Tan,WPKL,Perak,Economy,Small,1.73,17,12,10,8
JEN1000000172MY,21-Jul-26,Raj,Johor,Selangor,Economy,Small,1.36,15,12,2,8
JEN1000000173MY,21-Jul-26,Nurul,Penang,Sabah,Economy,Small,0.13,19,10,4,8
JEN1000000174MY,21-Jul-26,Aina,Pahang,Selangor,Economy,Small,1.52,22,17,7,8
JEN1000000175MY,21-Jul-26,Tan,Selangor,Kelantan,Economy,Small,1.06,24,10,10,8
JEN1000000176MY,21-Jul-26,Ahmad,Kelantan,WPKL,Economy,Small,0.22,22,16,8,8
JEN1000000177MY,21-Jul-26,Ahmad,Kelantan,Kelantan,Economy,Small,0.24,16,15,4,8
JEN1000000178MY,21-Jul-26,Nurul,Johor,Perak,Economy,Small,1.29,24,18,7,8
JEN1000000179MY,21-Jul-26,Ahmad,Pahang,Perak,Economy,Small,0.96,24,16,3,8
JEN1000000180MY,21-Jul-26,Lee,Pahang,Penang,Economy,Small,0.92,18,16,7,8
JEN1000000181MY,21-Jul-26,Tan,Sarawak,Sarawak,Economy,Small,1.49,20,16,7,8
JEN1000000182MY,21-Jul-26,Ahmad,Sabah,Johor,Economy,Small,1.4,22,11,3,8
JEN1000000183MY,21-Jul-26,Zana,Selangor,Sarawak,Economy,Small,0.28,20,12,10,8
JEN1000000184MY,21-Jul-26,Nurul,Pahang,Pahang,Economy,Small,0.73,16,16,7,8
JEN1000000185MY,21-Jul-26,Lim,WPKL,Perak,Economy,Small,1.24,20,11,10,8
JEN1000000186MY,21-Jul-26,Raj,Johor,Kelantan,Economy,Small,0.53,16,15,10,8
JEN1000000187MY,21-Jul-26,Zana,Selangor,Perak,Economy,Small,1.19,21,18,10,8
JEN1000000188MY,21-Jul-26,Zana,Perak,WPKL,Economy,Small,0.44,19,15,7,8
JEN1000000189MY,21-Jul-26,Zana,Johor,Johor,Economy,Small,1.18,21,11,4,8
JEN1000000190MY,21-Jul-26,Siti,Selangor,Pahang,Economy,Small,0.51,21,17,7,8
JEN1000000191MY,21-Jul-26,Zana,Sabah,Perak,Economy,Small,1.47,24,19,3,8
JEN1000000192MY,21-Jul-26,Tan,Johor,Johor,Economy,Small,1.53,15,20,3,8
JEN1000000193MY,21-Jul-26,Lim,Kelantan,Sarawak,Economy,Small,1.02,22,16,6,8
JEN1000000194MY,21-Jul-26,Aina,Pahang,Selangor,Economy,Small,0.76,16,14,9,8
JEN1000000195MY,21-Jul-26,Lim,Perak,WPKL,Economy,Small,0.52,24,10,2,8
JEN1000000196MY,21-Jul-26,Ahmad,Perak,Penang,Economy,Small,1.56,19,14,7,8
JEN1000000197MY,21-Jul-26,Aina,WPKL,Kelantan,Economy,Small,1.52,17,12,8,8
JEN1000000198MY,21-Jul-26,Nurul,Penang,Pahang,Economy,Small,1.16,25,15,3,8
JEN1000000199MY,21-Jul-26,Hafiz,WPKL,Sarawak,Economy,Small,0.14,16,15,8,8
JEN1000000200MY,21-Jul-26,Siti,Sarawak,Sarawak,Economy,Small,0.65,21,10,7,8
JEN1000000201MY,21-Jul-26,Hafiz,Kelantan,Sabah,Economy,Small,0.27,16,13,8,8
JEN1000000202MY,21-Jul-26,Raj,Sarawak,Pahang,Economy,Small,0.25,19,15,5,8
JEN1000000203MY,21-Jul-26,Lim,Johor,Selangor,Economy,Small,1.07,16,18,10,8
JEN1000000204MY,21-Jul-26,Ahmad,Sabah,Sabah,Economy,Small,1.48,25,12,5,8
JEN1000000205MY,21-Jul-26,Siti,Johor,Perak,Economy,Small,0.47,24,12,3,8
JEN1000000206MY,21-Jul-26,Raj,Kelantan,Kelantan,Economy,Small,1.53,24,17,7,8
JEN1000000207MY,21-Jul-26,Tan,Johor,Kelantan,Economy,Small,0.23,22,20,6,8
JEN1000000208MY,21-Jul-26,Zana,WPKL,Sabah,Economy,Small,1.06,19,17,9,8
JEN1000000209MY,21-Jul-26,Hafiz,WPKL,Sabah,Economy,Small,1.68,16,20,3,8
JEN1000000210MY,21-Jul-26,Hafiz,Pahang,Sarawak,Economy,Small,0.98,23,10,9,8
JEN1000000211MY,21-Jul-26,Lee,Penang,Sabah,Economy,Small,1.25,23,12,2,8
JEN1000000212MY,21-Jul-26,Zana,Selangor,Sabah,Economy,Small,1.97,16,18,4,8
JEN1000000213MY,21-Jul-26,Raj,Penang,Kelantan,Economy,Small,1.98,23,18,4,8
JEN1000000214MY,21-Jul-26,Raj,Sabah,Perak,Economy,Small,0.84,20,20,2,8
JEN1000000215MY,21-Jul-26,Tan,Selangor,Sabah,Economy,Small,0.28,25,16,6,8
JEN1000000216MY,21-Jul-26,Tan,Johor,Sabah,Economy,Small,0.25,25,12,7,8
JEN1000000217MY,21-Jul-26,Nurul,Sarawak,Johor,Economy,Small,1.23,16,14,10,8
JEN1000000218MY,21-Jul-26,Nurul,Sabah,Johor,Economy,Small,1.37,25,18,3,8
JEN1000000219MY,21-Jul-26,Raj,Pahang,Sabah,Economy,Small,0.13,19,12,5,8
JEN1000000220MY,21-Jul-26,Tan,Kelantan,Penang,Economy,Small,0.53,17,12,3,8
JEN1000000221MY,21-Jul-26,Hafiz,Selangor,Pahang,Economy,Small,1.56,23,10,7,8
JEN1000000222MY,21-Jul-26,Lee,Johor,Sarawak,Economy,Small,0.39,17,19,4,8
JEN1000000223MY,21-Jul-26,Lee,WPKL,Sarawak,Economy,Small,0.79,18,17,6,8
JEN1000000224MY,21-Jul-26,Hafiz,Penang,Pahang,Economy,Small,0.55,22,13,7,8
JEN1000000225MY,21-Jul-26,Nurul,Kelantan,Kelantan,Economy,Small,1.56,21,18,10,8
JEN1000000226MY,21-Jul-26,Lee,Johor,Penang,Economy,Small,1.62,17,14,2,8
JEN1000000227MY,21-Jul-26,Ahmad,Sabah,Pahang,Economy,Small,1.88,23,11,6,8
JEN1000000228MY,21-Jul-26,Ahmad,Johor,Perak,Economy,Small,0.95,23,12,8,8
JEN1000000229MY,21-Jul-26,Nurul,Penang,Kelantan,Economy,Small,1.78,15,16,2,8
JEN1000000230MY,21-Jul-26,Zana,Pahang,Sabah,Economy,Small,0.55,16,15,5,8
JEN1000000231MY,21-Jul-26,Siti,Sabah,Selangor,Economy,Small,1.69,25,15,4,8
JEN1000000232MY,21-Jul-26,Lee,WPKL,Perak,Economy,Small,1.84,22,12,9,8
JEN1000000233MY,21-Jul-26,Hafiz,WPKL,Selangor,Economy,Small,0.14,18,12,10,8
JEN1000000234MY,21-Jul-26,Ahmad,Pahang,Sarawak,Economy,Small,0.31,19,13,6,8
JEN1000000235MY,21-Jul-26,Ahmad,WPKL,Penang,Economy,Small,0.9,24,17,3,8
JEN1000000236MY,21-Jul-26,Siti,Kelantan,Pahang,Economy,Small,0.13,23,19,5,8
JEN1000000237MY,21-Jul-26,Siti,Perak,Sarawak,Economy,Small,0.1,20,13,8,8
JEN1000000238MY,21-Jul-26,Aina,Selangor,Pahang,Economy,Small,1.95,16,18,10,8
JEN1000000239MY,21-Jul-26,Raj,Pahang,Pahang,Economy,Small,0.14,22,10,8,8
JEN1000000240MY,21-Jul-26,Ahmad,Perak,WPKL,Economy,Small,0.78,16,15,5,8
JEN1000000241MY,21-Jul-26,Lee,Sabah,Johor,Economy,Small,0.18,23,15,4,8
JEN1000000242MY,21-Jul-26,Tan,Kelantan,Johor,Economy,Small,1.64,16,17,2,8
JEN1000000243MY,21-Jul-26,Aina,Penang,WPKL,Economy,Small,1.6,15,15,6,8
JEN1000000244MY,21-Jul-26,Tan,Sarawak,Pahang,Economy,Small,1,15,20,5,8
JEN1000000245MY,21-Jul-26,Raj,Sabah,WPKL,Economy,Small,1.75,20,14,3,8
JEN1000000246MY,21-Jul-26,Lee,Sarawak,Sarawak,Economy,Small,1.51,21,15,4,8
JEN1000000247MY,21-Jul-26,Nurul,Kelantan,Sabah,Economy,Small,1.86,23,14,3,8
JEN1000000248MY,21-Jul-26,Raj,Selangor,Sarawak,Economy,Small,1.24,17,18,6,8
JEN1000000249MY,21-Jul-26,Hafiz,Selangor,Selangor,Economy,Small,0.72,19,14,9,8
JEN1000000250MY,21-Jul-26,Raj,Sarawak,Johor,Economy,Small,1.41,20,17,2,8
JEN1000000251MY,21-Jul-26,Raj,Sarawak,Perak,Economy,Small,1.31,15,11,8,8
JEN1000000252MY,21-Jul-26,Zana,Pahang,Johor,Economy,Small,1.91,17,19,9,8
JEN1000000253MY,21-Jul-26,Nurul,Johor,Selangor,Economy,Small,0.55,25,15,7,8
JEN1000000254MY,21-Jul-26,Ahmad,WPKL,Johor,Economy,Small,1.39,20,15,9,8
JEN1000000255MY,21-Jul-26,Lim,Johor,Pahang,Economy,Small,0.8,20,20,6,8
JEN1000000256MY,21-Jul-26,Aina,Selangor,WPKL,Economy,Small,1.5,22,18,8,8
JEN1000000257MY,21-Jul-26,Lee,Selangor,Perak,Economy,Small,1.57,22,13,6,8
JEN1000000258MY,21-Jul-26,Lee,Penang,Selangor,Economy,Small,0.36,16,17,4,8
JEN1000000259MY,21-Jul-26,Tan,Selangor,Sabah,Economy,Small,1.37,16,18,10,8
JEN1000000260MY,21-Jul-26,Aina,Perak,Johor,Economy,Small,1.45,25,12,7,8
JEN1000000261MY,21-Jul-26,Zana,Penang,Selangor,Economy,Small,1.97,17,13,9,8
JEN1000000262MY,21-Jul-26,Hafiz,Sabah,Pahang,Economy,Small,1.19,22,18,4,8
JEN1000000263MY,21-Jul-26,Nurul,Selangor,Selangor,Economy,Small,0.69,22,18,8,8
JEN1000000264MY,21-Jul-26,Lee,Selangor,Johor,Economy,Small,1.95,25,11,9,8
JEN1000000265MY,21-Jul-26,Siti,Pahang,Sabah,Economy,Small,0.34,23,20,4,8
JEN1000000266MY,21-Jul-26,Siti,Sarawak,Pahang,Economy,Small,1.83,15,11,10,8
JEN1000000267MY,21-Jul-26,Tan,Perak,Johor,Economy,Small,0.41,18,15,10,8
JEN1000000268MY,21-Jul-26,Tan,Selangor,Perak,Economy,Small,0.47,23,14,4,8
JEN1000000269MY,21-Jul-26,Siti,Pahang,Selangor,Economy,Small,1.05,17,19,4,8
JEN1000000270MY,21-Jul-26,Hafiz,Sabah,WPKL,Economy,Small,1.67,15,11,2,8
JEN1000000271MY,21-Jul-26,Lee,Perak,Penang,Economy,Small,1.56,21,19,2,8
JEN1000000272MY,21-Jul-26,Nurul,Pahang,Perak,Economy,Small,1.32,19,17,5,8
JEN1000000273MY,21-Jul-26,Nurul,Perak,Kelantan,Economy,Small,0.24,15,12,9,8
JEN1000000274MY,21-Jul-26,Raj,Kelantan,Kelantan,Economy,Small,0.49,24,12,7,8
JEN1000000275MY,21-Jul-26,Ahmad,Sabah,Sarawak,Economy,Small,0.35,20,18,10,8
JEN1000000276MY,21-Jul-26,Siti,Sabah,Penang,Economy,Small,0.99,19,17,5,8
JEN1000000277MY,21-Jul-26,Lim,Selangor,WPKL,Economy,Small,0.65,21,19,8,8
JEN1000000278MY,21-Jul-26,Lee,Johor,Sabah,Economy,Small,1.87,20,13,4,8
JEN1000000279MY,21-Jul-26,Ahmad,Pahang,Kelantan,Economy,Small,1.05,19,17,2,8
JEN1000000280MY,21-Jul-26,Zana,Sarawak,Pahang,Economy,Small,0.97,18,13,7,8
JEN1000000281MY,21-Jul-26,Tan,WPKL,Perak,Economy,Small,1.04,25,20,9,8
JEN1000000282MY,21-Jul-26,Raj,Pahang,WPKL,Economy,Small,1.71,21,12,6,8
JEN1000000283MY,21-Jul-26,Lim,Sarawak,Sabah,Economy,Small,0.19,15,19,10,8
JEN1000000284MY,21-Jul-26,Aina,Sabah,Pahang,Economy,Small,0.65,21,18,9,8
JEN1000000285MY,21-Jul-26,Raj,Perak,Selangor,Economy,Small,0.34,16,16,7,8
JEN1000000286MY,21-Jul-26,Nurul,Pahang,Sabah,Economy,Small,1.53,18,19,10,8
JEN1000000287MY,21-Jul-26,Aina,Pahang,WPKL,Economy,Small,0.19,17,15,9,8
JEN1000000288MY,21-Jul-26,Hafiz,Kelantan,Johor,Economy,Small,1.25,23,12,7,8
JEN1000000289MY,21-Jul-26,Aina,Sabah,Johor,Economy,Small,0.85,24,14,7,8
JEN1000000290MY,21-Jul-26,Zana,Pahang,Pahang,Economy,Small,1.03,24,14,9,8
JEN1000000291MY,21-Jul-26,Zana,Sabah,Sabah,Economy,Small,1.38,21,19,6,8
JEN1000000292MY,21-Jul-26,Zana,Kelantan,Perak,Economy,Small,1.94,24,19,5,8
JEN1000000293MY,21-Jul-26,Lim,Kelantan,Johor,Economy,Small,1.1,24,16,4,8
JEN1000000294MY,21-Jul-26,Siti,WPKL,Selangor,Economy,Small,0.46,22,15,8,8
JEN1000000295MY,21-Jul-26,Siti,Sarawak,Penang,Economy,Small,0.88,24,17,2,8
JEN1000000296MY,21-Jul-26,Nurul,Pahang,Penang,Economy,Small,1.17,25,17,10,8
JEN1000000297MY,21-Jul-26,Raj,Sabah,Johor,Economy,Small,0.97,23,15,10,8
JEN1000000298MY,21-Jul-26,Tan,Perak,Kelantan,Economy,Small,0.47,18,14,10,8
JEN1000000299MY,21-Jul-26,Lee,Penang,Perak,Economy,Small,1.57,18,17,7,8
JEN1000000300MY,21-Jul-26,Hafiz,Sabah,Pahang,Economy,Small,1.87,19,14,3,8
JEN1000000301MY,21-Jul-26,Tan,Pahang,Sarawak,Economy,Small,1.8,21,15,4,8
JEN1000000302MY,21-Jul-26,Tan,WPKL,Perak,Economy,Small,1.92,16,15,9,8
JEN1000000303MY,21-Jul-26,Tan,Kelantan,Penang,Economy,Small,0.48,23,14,10,8
JEN1000000304MY,21-Jul-26,Zana,Johor,Selangor,Economy,Small,1.27,24,13,5,8
JEN1000000305MY,21-Jul-26,Raj,Pahang,Penang,Economy,Small,1.31,15,11,8,8
JEN1000000306MY,21-Jul-26,Siti,Kelantan,Selangor,Economy,Small,1.39,17,10,10,8
JEN1000000307MY,21-Jul-26,Tan,Sarawak,Kelantan,Economy,Small,1.01,18,14,7,8
JEN1000000308MY,21-Jul-26,Siti,WPKL,Selangor,Economy,Small,1.34,18,18,2,8
JEN1000000309MY,21-Jul-26,Siti,Sarawak,Johor,Economy,Small,1.87,15,16,9,8
JEN1000000310MY,21-Jul-26,Raj,Perak,WPKL,Economy,Small,0.12,24,19,3,8
JEN1000000311MY,21-Jul-26,Siti,Perak,Kelantan,Economy,Small,1.98,23,18,9,8
JEN1000000312MY,21-Jul-26,Lee,Pahang,Kelantan,Economy,Small,0.62,16,15,4,8
JEN1000000313MY,21-Jul-26,Siti,Perak,Johor,Economy,Small,0.13,20,14,5,8
JEN1000000314MY,21-Jul-26,Siti,Sarawak,Sarawak,Economy,Small,1.08,16,16,3,8
JEN1000000315MY,21-Jul-26,Nurul,Johor,Kelantan,Economy,Small,0.71,18,10,6,8
JEN1000000316MY,21-Jul-26,Tan,Penang,Kelantan,Economy,Small,1.53,20,14,2,8
JEN1000000317MY,21-Jul-26,Siti,Sabah,Penang,Economy,Small,0.22,16,17,6,8
JEN1000000318MY,21-Jul-26,Raj,Sarawak,Pahang,Economy,Small,1.85,19,11,6,8
JEN1000000319MY,21-Jul-26,Hafiz,Penang,Penang,Economy,Small,1.92,22,12,9,8
JEN1000000320MY,21-Jul-26,Lim,Sabah,Sarawak,Economy,Small,1.43,22,18,5,8
JEN1000000321MY,21-Jul-26,Zana,Selangor,Pahang,Economy,Small,0.95,20,11,3,8
JEN1000000322MY,21-Jul-26,Raj,Pahang,Pahang,Economy,Small,0.48,23,12,4,8
JEN1000000323MY,21-Jul-26,Ahmad,Pahang,Kelantan,Economy,Small,0.32,18,19,9,8
JEN1000000324MY,21-Jul-26,Nurul,Pahang,Kelantan,Economy,Small,1.64,22,12,10,8
JEN1000000325MY,21-Jul-26,Nurul,Kelantan,WPKL,Economy,Small,1.16,25,14,2,8
JEN1000000326MY,21-Jul-26,Nurul,Perak,WPKL,Economy,Small,1.52,24,11,2,8
JEN1000000327MY,21-Jul-26,Zana,Sabah,Selangor,Economy,Small,1.13,15,11,9,8
JEN1000000328MY,21-Jul-26,Raj,Perak,Sarawak,Economy,Small,0.44,17,20,8,8
JEN1000000329MY,21-Jul-26,Aina,Sarawak,Kelantan,Economy,Small,1.75,21,16,3,8
JEN1000000330MY,21-Jul-26,Siti,Johor,Sabah,Economy,Small,0.33,23,16,10,8
JEN1000000331MY,21-Jul-26,Nurul,Penang,WPKL,Economy,Small,1.54,19,17,10,8
JEN1000000332MY,21-Jul-26,Siti,Pahang,Sarawak,Economy,Small,1.66,18,17,7,8
JEN1000000333MY,21-Jul-26,Hafiz,Perak,Penang,Economy,Small,1.88,16,10,8,8
JEN1000000334MY,21-Jul-26,Lee,WPKL,Penang,Economy,Small,0.49,16,19,2,8
JEN1000000335MY,21-Jul-26,Aina,WPKL,Penang,Economy,Small,1.51,21,17,5,8
JEN1000000336MY,21-Jul-26,Hafiz,Penang,WPKL,Economy,Small,0.37,19,13,7,8
JEN1000000337MY,21-Jul-26,Lim,Sabah,Penang,Economy,Small,0.67,17,20,10,8
JEN1000000338MY,21-Jul-26,Nurul,Sarawak,Perak,Economy,Small,0.62,23,19,4,8
JEN1000000339MY,21-Jul-26,Aina,Pahang,Kelantan,Economy,Small,0.19,20,20,8,8
JEN1000000340MY,21-Jul-26,Aina,Sabah,Sarawak,Economy,Small,0.88,19,16,4,8
JEN1000000341MY,21-Jul-26,Zana,Kelantan,Penang,Economy,Small,1.71,19,12,9,8
JEN1000000342MY,21-Jul-26,Nurul,Pahang,Sarawak,Economy,Small,1.94,23,18,4,8
JEN1000000343MY,21-Jul-26,Raj,Penang,Perak,Economy,Small,0.49,25,11,9,8
JEN1000000344MY,21-Jul-26,Nurul,Selangor,Pahang,Economy,Small,1.48,18,10,6,8
JEN1000000345MY,21-Jul-26,Lim,WPKL,Selangor,Economy,Small,0.46,24,20,10,8
JEN1000000346MY,21-Jul-26,Lim,Kelantan,Penang,Economy,Small,1.75,20,14,2,8
JEN1000000347MY,21-Jul-26,Nurul,Penang,Selangor,Economy,Small,1.52,22,13,5,8
JEN1000000348MY,21-Jul-26,Aina,Penang,Pahang,Economy,Small,0.71,19,16,9,8
JEN1000000349MY,21-Jul-26,Ahmad,Sabah,Perak,Economy,Small,0.6,23,17,9,8
JEN1000000350MY,21-Jul-26,Zana,Kelantan,Sabah,Economy,Small,1.84,20,15,8,8
JEN1000000351MY,21-Jul-26,Tan,Penang,Johor,Economy,Small,0.13,23,19,8,8
JEN1000000352MY,21-Jul-26,Lee,Johor,Penang,Economy,Small,0.73,21,19,5,8
JEN1000000353MY,21-Jul-26,Lee,Pahang,Sabah,Economy,Small,0.59,22,20,9,8
JEN1000000354MY,21-Jul-26,Aina,Johor,Sabah,Economy,Small,0.42,23,17,4,8
JEN1000000355MY,21-Jul-26,Zana,WPKL,Pahang,Economy,Small,0.16,16,20,2,8
JEN1000000356MY,21-Jul-26,Zana,Sarawak,Johor,Economy,Small,1.7,18,11,4,8
JEN1000000357MY,21-Jul-26,Lee,Penang,Pahang,Economy,Small,0.97,15,19,9,8
JEN1000000358MY,21-Jul-26,Aina,WPKL,WPKL,Economy,Small,1.11,21,10,2,8
JEN1000000359MY,21-Jul-26,Siti,Perak,Pahang,Economy,Small,1.96,15,18,8,8
JEN1000000360MY,21-Jul-26,Tan,Selangor,Selangor,Economy,Small,1.1,18,13,10,8
JEN1000000361MY,21-Jul-26,Lee,Sabah,Perak,Economy,Small,1.61,16,15,8,8
JEN1000000362MY,21-Jul-26,Ahmad,Penang,Penang,Economy,Small,0.67,16,20,2,8
JEN1000000363MY,21-Jul-26,Siti,Sarawak,Sarawak,Economy,Small,0.82,22,10,2,8
JEN1000000364MY,21-Jul-26,Aina,Selangor,Kelantan,Economy,Small,1.71,25,15,3,8
JEN1000000365MY,21-Jul-26,Zana,WPKL,Penang,Economy,Small,0.5,24,17,6,8
JEN1000000366MY,21-Jul-26,Siti,Selangor,Perak,Economy,Small,1.81,24,20,2,8
JEN1000000367MY,21-Jul-26,Ahmad,Sabah,WPKL,Economy,Small,1.93,24,12,8,8
JEN1000000368MY,21-Jul-26,Raj,Perak,Johor,Economy,Small,1.17,24,16,10,8
JEN1000000369MY,21-Jul-26,Zana,Sarawak,Johor,Economy,Small,1.6,16,18,7,8
JEN1000000370MY,21-Jul-26,Raj,Selangor,Sarawak,Economy,Small,0.54,16,15,8,8
JEN1000000371MY,21-Jul-26,Raj,WPKL,Perak,Economy,Small,1.59,22,17,5,8
JEN1000000372MY,21-Jul-26,Ahmad,Pahang,Sarawak,Economy,Small,0.92,25,19,8,8
JEN1000000373MY,21-Jul-26,Nurul,Perak,Penang,Economy,Small,1.45,16,14,4,8
JEN1000000374MY,21-Jul-26,Tan,Johor,Sarawak,Economy,Small,0.7,16,11,2,8
JEN1000000375MY,21-Jul-26,Siti,Kelantan,Sabah,Economy,Small,1.55,16,12,3,8
JEN1000000376MY,21-Jul-26,Zana,Sarawak,Kelantan,Economy,Small,1.16,23,16,3,8
JEN1000000377MY,21-Jul-26,Nurul,Selangor,Sabah,Economy,Small,1.15,24,19,7,8
JEN1000000378MY,21-Jul-26,Hafiz,WPKL,Perak,Economy,Small,0.89,16,18,5,8
JEN1000000379MY,21-Jul-26,Tan,Pahang,Johor,Economy,Small,1.4,17,12,6,8
JEN1000000380MY,21-Jul-26,Nurul,Perak,Kelantan,Economy,Small,0.38,17,16,6,8
JEN1000000381MY,21-Jul-26,Lee,Perak,Kelantan,Economy,Small,1.59,20,14,5,8
JEN1000000382MY,21-Jul-26,Raj,Penang,Kelantan,Economy,Small,0.3,19,10,8,8
JEN1000000383MY,21-Jul-26,Tan,Sarawak,Sabah,Economy,Small,0.94,21,20,4,8
JEN1000000384MY,21-Jul-26,Tan,Sabah,Penang,Economy,Small,1.01,17,16,7,8
JEN1000000385MY,21-Jul-26,Ahmad,Kelantan,Penang,Economy,Small,0.72,19,16,7,8
JEN1000000386MY,21-Jul-26,Lim,Penang,Pahang,Economy,Small,0.44,23,10,9,8
JEN1000000387MY,21-Jul-26,Siti,Kelantan,Perak,Economy,Small,1.68,16,16,9,8
JEN1000000388MY,21-Jul-26,Ahmad,Perak,Penang,Economy,Small,0.58,17,16,8,8
JEN1000000389MY,21-Jul-26,Aina,Kelantan,Kelantan,Economy,Small,1.21,23,18,8,8
JEN1000000390MY,21-Jul-26,Ahmad,WPKL,Sabah,Economy,Small,1.43,23,19,3,8
JEN1000000391MY,21-Jul-26,Raj,Penang,Sabah,Economy,Small,0.42,24,10,8,8
JEN1000000392MY,21-Jul-26,Aina,Sarawak,Selangor,Economy,Small,0.12,19,13,10,8
JEN1000000393MY,21-Jul-26,Siti,Pahang,Penang,Economy,Small,0.95,21,17,10,8
JEN1000000394MY,21-Jul-26,Ahmad,Sabah,WPKL,Economy,Small,1.02,19,16,3,8
JEN1000000395MY,21-Jul-26,Lee,Johor,Sabah,Economy,Small,0.69,22,13,10,8
JEN1000000396MY,21-Jul-26,Tan,Sabah,Kelantan,Economy,Small,0.29,22,15,3,8
JEN1000000397MY,21-Jul-26,Siti,WPKL,Selangor,Economy,Small,0.14,20,20,3,8
JEN1000000398MY,21-Jul-26,Nurul,Penang,Pahang,Economy,Small,0.43,17,15,10,8
JEN1000000399MY,21-Jul-26,Nurul,Kelantan,Penang,Economy,Small,1.62,25,12,4,8
JEN1000000400MY,21-Jul-26,Nurul,Sarawak,WPKL,Economy,Small,1.5,18,17,8,8
JEN1000000401MY,21-Jul-26,Aina,WPKL,Penang,Economy,Small,0.49,16,19,3,8
JEN1000000402MY,21-Jul-26,Lee,Johor,Sabah,Economy,Small,0.72,22,11,6,8
JEN1000000403MY,21-Jul-26,Raj,Pahang,Sabah,Economy,Small,1.23,24,16,3,8
JEN1000000404MY,21-Jul-26,Siti,Sabah,Kelantan,Economy,Small,1.27,25,14,3,8
JEN1000000405MY,21-Jul-26,Siti,Sabah,Selangor,Economy,Small,0.55,16,12,7,8
JEN1000000406MY,21-Jul-26,Nurul,Pahang,Sarawak,Economy,Small,0.89,17,19,8,8
JEN1000000407MY,21-Jul-26,Siti,Johor,Kelantan,Economy,Small,1.31,25,12,10,8
JEN1000000408MY,21-Jul-26,Raj,Kelantan,Perak,Economy,Small,0.37,20,17,2,8
JEN1000000409MY,21-Jul-26,Lee,WPKL,Kelantan,Economy,Small,0.36,21,18,10,8
JEN1000000410MY,21-Jul-26,Ahmad,Sarawak,Kelantan,Economy,Small,0.89,22,17,4,8
JEN1000000411MY,21-Jul-26,Tan,WPKL,Penang,Economy,Small,0.65,19,13,10,8
JEN1000000412MY,21-Jul-26,Ahmad,Johor,Kelantan,Economy,Small,1.17,22,18,10,8
JEN1000000413MY,21-Jul-26,Lee,Selangor,Perak,Economy,Small,1.57,20,18,2,8
JEN1000000414MY,21-Jul-26,Tan,Pahang,Penang,Economy,Small,1.98,16,20,5,8
JEN1000000415MY,21-Jul-26,Lim,WPKL,Kelantan,Economy,Small,0.6,16,17,3,8
JEN1000000416MY,21-Jul-26,Siti,Penang,Sabah,Economy,Small,1.74,24,20,8,8
JEN1000000417MY,21-Jul-26,Aina,Johor,Penang,Economy,Small,1.65,15,19,7,8
JEN1000000418MY,21-Jul-26,Aina,Perak,Pahang,Economy,Small,0.42,19,14,6,8
JEN1000000419MY,21-Jul-26,Siti,Selangor,Johor,Economy,Small,1.93,21,10,6,8
JEN1000000420MY,21-Jul-26,Lee,Johor,Penang,Economy,Small,0.38,20,13,8,8
JEN1000000421MY,21-Jul-26,Ahmad,Johor,Perak,Economy,Small,1.29,21,17,3,8
JEN1000000422MY,21-Jul-26,Raj,Sarawak,Pahang,Economy,Small,1.52,20,17,9,8
JEN1000000423MY,21-Jul-26,Ahmad,WPKL,Selangor,Economy,Small,1.49,22,20,7,8
JEN1000000424MY,21-Jul-26,Tan,Pahang,Sarawak,Economy,Small,0.51,21,13,9,8
JEN1000000425MY,21-Jul-26,Raj,Sabah,Perak,Economy,Small,0.74,24,12,9,8
JEN1000000426MY,21-Jul-26,Siti,WPKL,WPKL,Economy,Small,0.29,22,10,3,8
JEN1000000427MY,21-Jul-26,Tan,Kelantan,Kelantan,Economy,Small,0.1,21,13,4,8
JEN1000000428MY,21-Jul-26,Raj,Johor,Perak,Economy,Small,0.28,20,14,3,8
JEN1000000429MY,21-Jul-26,Ahmad,Johor,WPKL,Economy,Small,0.85,19,13,8,8
JEN1000000430MY,21-Jul-26,Aina,Selangor,WPKL,Economy,Small,0.51,16,12,5,8
JEN1000000431MY,21-Jul-26,Siti,Kelantan,WPKL,Economy,Small,0.12,20,11,8,8
JEN1000000432MY,21-Jul-26,Raj,Kelantan,Selangor,Economy,Small,0.53,16,11,3,8
JEN1000000433MY,21-Jul-26,Ahmad,Sabah,Perak,Economy,Small,0.36,17,20,4,8
JEN1000000434MY,21-Jul-26,Lim,Pahang,WPKL,Economy,Small,1.26,17,17,7,8
JEN1000000435MY,21-Jul-26,Ahmad,Johor,Sarawak,Economy,Small,1.27,22,13,3,8
JEN1000000436MY,21-Jul-26,Raj,Johor,Selangor,Economy,Small,1.22,21,15,8,8
JEN1000000437MY,21-Jul-26,Hafiz,Johor,Penang,Economy,Small,0.63,16,13,10,8
JEN1000000438MY,21-Jul-26,Aina,Perak,WPKL,Economy,Small,1.71,25,14,5,8
JEN1000000439MY,21-Jul-26,Lim,Pahang,Penang,Economy,Small,1.52,19,20,2,8
JEN1000000440MY,21-Jul-26,Aina,Kelantan,Sarawak,Economy,Small,0.31,22,20,3,8
JEN1000000441MY,21-Jul-26,Raj,WPKL,Sabah,Economy,Small,1.87,17,16,8,8
JEN1000000442MY,21-Jul-26,Zana,Pahang,Johor,Economy,Small,1.55,16,10,3,8
JEN1000000443MY,21-Jul-26,Tan,Perak,Penang,Economy,Small,0.18,15,16,10,8
JEN1000000444MY,21-Jul-26,Aina,Pahang,Sarawak,Economy,Small,0.9,21,11,10,8
JEN1000000445MY,21-Jul-26,Siti,Johor,Perak,Economy,Small,0.26,16,18,5,8
JEN1000000446MY,21-Jul-26,Tan,Pahang,Sabah,Economy,Small,0.84,25,20,3,8
JEN1000000447MY,21-Jul-26,Lee,Sarawak,Penang,Economy,Small,0.21,16,16,3,8
JEN1000000448MY,21-Jul-26,Zana,WPKL,Perak,Economy,Small,1.37,25,12,3,8
JEN1000000449MY,21-Jul-26,Tan,Johor,WPKL,Economy,Small,0.41,20,18,10,8
JEN1000000450MY,21-Jul-26,Raj,Johor,Sabah,Economy,Small,0.34,19,11,2,8
JEN1000000451MY,21-Jul-26,Lee,Sarawak,Perak,Economy,Small,1.1,19,19,3,8
JEN1000000452MY,21-Jul-26,Raj,Kelantan,Pahang,Economy,Small,0.78,22,19,4,8
JEN1000000453MY,21-Jul-26,Lim,Johor,Perak,Economy,Small,1.57,24,20,3,8
JEN1000000454MY,21-Jul-26,Lee,Pahang,WPKL,Economy,Small,0.18,15,13,2,8
JEN1000000455MY,21-Jul-26,Nurul,Sabah,Sarawak,Economy,Small,1.85,17,10,10,8
JEN1000000456MY,21-Jul-26,Hafiz,Penang,Sabah,Economy,Small,0.57,20,14,3,8
JEN1000000457MY,21-Jul-26,Aina,Sabah,Selangor,Economy,Small,1.05,15,12,5,8
JEN1000000458MY,21-Jul-26,Raj,WPKL,Sarawak,Economy,Small,0.23,22,14,6,8
JEN1000000459MY,21-Jul-26,Hafiz,Selangor,Pahang,Economy,Small,0.97,20,13,6,8
JEN1000000460MY,21-Jul-26,Aina,Perak,Penang,Economy,Small,0.98,24,17,5,8
JEN1000000461MY,21-Jul-26,Aina,Penang,Johor,Economy,Small,0.11,21,10,5,8
JEN1000000462MY,21-Jul-26,Tan,Sabah,WPKL,Economy,Small,1.91,15,20,8,8
JEN1000000463MY,21-Jul-26,Zana,Selangor,Penang,Economy,Small,1.11,18,16,9,8
JEN1000000464MY,21-Jul-26,Raj,Johor,Perak,Economy,Small,0.28,18,18,8,8
JEN1000000465MY,21-Jul-26,Ahmad,Kelantan,Selangor,Economy,Small,1.2,23,12,8,8
JEN1000000466MY,21-Jul-26,Tan,WPKL,Sarawak,Economy,Small,1.36,17,13,6,8
JEN1000000467MY,21-Jul-26,Tan,Sabah,Sarawak,Economy,Small,1.43,20,15,9,8
JEN1000000468MY,21-Jul-26,Siti,Penang,Selangor,Economy,Small,1.89,17,19,3,8
JEN1000000469MY,21-Jul-26,Aina,Selangor,Johor,Economy,Small,0.95,20,16,3,8
JEN1000000470MY,21-Jul-26,Ahmad,Sabah,Penang,Economy,Small,0.96,22,14,3,8
JEN1000000471MY,21-Jul-26,Raj,Johor,Perak,Economy,Small,1.67,24,10,5,8
JEN1000000472MY,21-Jul-26,Zana,Johor,Selangor,Economy,Small,1.45,20,16,10,8
JEN1000000473MY,21-Jul-26,Lee,Perak,Perak,Economy,Small,1.66,17,10,8,8
JEN1000000474MY,21-Jul-26,Ahmad,Pahang,Pahang,Economy,Small,0.57,22,11,4,8
JEN1000000475MY,21-Jul-26,Nurul,WPKL,WPKL,Economy,Small,1.68,18,12,5,8
JEN1000000476MY,21-Jul-26,Ahmad,Sabah,Selangor,Economy,Small,1.21,19,11,2,8
JEN1000000477MY,21-Jul-26,Zana,Penang,Kelantan,Economy,Small,1.64,16,15,3,8
JEN1000000478MY,21-Jul-26,Lee,Kelantan,WPKL,Economy,Small,0.42,24,16,8,8
JEN1000000479MY,21-Jul-26,Siti,WPKL,Sarawak,Economy,Small,1.4,17,15,5,8
JEN1000000480MY,21-Jul-26,Tan,Perak,Perak,Economy,Small,0.95,17,10,5,8
JEN1000000481MY,21-Jul-26,Tan,Kelantan,Sarawak,Economy,Small,1.78,22,10,3,8
JEN1000000482MY,21-Jul-26,Aina,Sarawak,Johor,Economy,Small,0.9,25,18,5,8
JEN1000000483MY,21-Jul-26,Lee,WPKL,Sarawak,Economy,Small,1.59,20,17,10,8
JEN1000000484MY,21-Jul-26,Raj,Sabah,Pahang,Economy,Small,0.71,19,12,2,8
JEN1000000485MY,21-Jul-26,Aina,Penang,WPKL,Economy,Small,1.8,19,10,9,8
JEN1000000486MY,21-Jul-26,Tan,Sabah,Penang,Economy,Small,1.95,16,13,5,8
JEN1000000487MY,21-Jul-26,Raj,Pahang,WPKL,Economy,Small,1.55,18,19,8,8
JEN1000000488MY,21-Jul-26,Raj,Johor,Johor,Economy,Small,0.55,20,15,2,8
JEN1000000489MY,21-Jul-26,Siti,Johor,Penang,Economy,Small,1.69,22,18,6,8
JEN1000000490MY,21-Jul-26,Zana,Kelantan,WPKL,Economy,Small,0.27,18,19,5,8
JEN1000000491MY,21-Jul-26,Raj,Pahang,Kelantan,Economy,Small,0.1,24,13,4,8
JEN1000000492MY,21-Jul-26,Ahmad,Johor,Sabah,Economy,Small,0.21,17,19,4,8
JEN1000000493MY,21-Jul-26,Hafiz,Pahang,Sabah,Economy,Small,1.93,20,20,8,8
JEN1000000494MY,21-Jul-26,Lee,Selangor,Sabah,Economy,Small,0.67,17,12,8,8
JEN1000000495MY,21-Jul-26,Lim,Sabah,Johor,Economy,Small,1.44,23,19,7,8
JEN1000000496MY,21-Jul-26,Zana,Johor,Sarawak,Economy,Small,0.68,19,12,4,8
JEN1000000497MY,21-Jul-26,Hafiz,Sarawak,WPKL,Economy,Small,0.45,20,19,5,8
JEN1000000498MY,21-Jul-26,Raj,Selangor,Kelantan,Economy,Small,0.37,16,13,7,8
JEN1000000499MY,21-Jul-26,Lee,Johor,Selangor,Economy,Small,1.66,25,20,7,8
JEN1000000500MY,21-Jul-26,Ahmad,WPKL,Perak,Economy,Small,0.5,16,15,6,8
JEN1000000501MY,21-Jul-26,Lee,WPKL,WPKL,Economy,Small,0.83,21,12,8,8
JEN1000000502MY,21-Jul-26,Siti,Sarawak,Sabah,Economy,Small,1.14,16,17,5,8
JEN1000000503MY,21-Jul-26,Raj,Kelantan,Selangor,Economy,Small,1.62,15,14,2,8
JEN1000000504MY,21-Jul-26,Ahmad,Perak,Selangor,Economy,Small,0.24,17,16,4,8
JEN1000000505MY,21-Jul-26,Nurul,Pahang,Selangor,Economy,Small,0.74,24,17,2,8
JEN1000000506MY,21-Jul-26,Lim,Johor,Sarawak,Economy,Small,0.4,16,15,5,8
JEN1000000507MY,21-Jul-26,Tan,Sarawak,Pahang,Economy,Small,1.47,23,14,6,8
JEN1000000508MY,21-Jul-26,Siti,Penang,Selangor,Economy,Small,0.19,24,18,9,8
JEN1000000509MY,21-Jul-26,Lim,WPKL,Sabah,Economy,Small,0.11,16,14,9,8
JEN1000000510MY,21-Jul-26,Lee,Selangor,WPKL,Economy,Small,0.49,25,14,3,8
JEN1000000511MY,21-Jul-26,Ahmad,Selangor,Perak,Economy,Small,1.59,22,17,6,8
JEN1000000512MY,21-Jul-26,Lee,Pahang,Sarawak,Economy,Small,0.45,21,15,4,8
JEN1000000513MY,21-Jul-26,Hafiz,WPKL,Perak,Economy,Small,0.94,19,13,6,8
JEN1000000514MY,21-Jul-26,Raj,WPKL,Johor,Economy,Small,1.53,25,11,3,8
JEN1000000515MY,21-Jul-26,Zana,Pahang,Sarawak,Economy,Small,1.94,24,13,10,8
JEN1000000516MY,21-Jul-26,Hafiz,Sarawak,Pahang,Economy,Small,0.9,23,20,9,8
JEN1000000517MY,21-Jul-26,Hafiz,Penang,Kelantan,Economy,Small,0.67,21,10,10,8
JEN1000000518MY,21-Jul-26,Lim,Pahang,Johor,Economy,Small,0.33,22,12,4,8
JEN1000000519MY,21-Jul-26,Lim,Penang,Johor,Economy,Small,0.18,16,20,8,8
JEN1000000520MY,21-Jul-26,Aina,Johor,Perak,Economy,Small,0.71,16,11,8,8
JEN1000000521MY,21-Jul-26,Zana,Sarawak,Pahang,Economy,Small,0.72,19,18,9,8
JEN1000000522MY,21-Jul-26,Ahmad,Pahang,Sarawak,Economy,Small,0.31,17,12,3,8
JEN1000000523MY,21-Jul-26,Nurul,Selangor,Perak,Economy,Small,1.75,20,16,6,8
JEN1000000524MY,21-Jul-26,Hafiz,Kelantan,Kelantan,Economy,Small,0.17,19,16,4,8
JEN1000000525MY,21-Jul-26,Lee,Sarawak,WPKL,Economy,Small,0.85,20,13,2,8
JEN1000000526MY,21-Jul-26,Lee,Perak,Sabah,Economy,Small,0.14,19,14,6,8
JEN1000000527MY,21-Jul-26,Nurul,Selangor,Penang,Economy,Small,0.36,22,15,6,8
JEN1000000528MY,21-Jul-26,Raj,Selangor,Penang,Economy,Small,0.94,21,17,10,8
JEN1000000529MY,21-Jul-26,Nurul,WPKL,Pahang,Economy,Small,1.6,16,14,10,8
JEN1000000530MY,21-Jul-26,Lim,Johor,Pahang,Economy,Small,1.77,15,12,5,8
JEN1000000531MY,21-Jul-26,Tan,WPKL,Penang,Economy,Small,0.16,15,15,5,8
JEN1000000532MY,21-Jul-26,Lim,Sabah,Kelantan,Economy,Small,1.06,25,11,2,8
JEN1000000533MY,21-Jul-26,Raj,Sabah,Kelantan,Economy,Small,1.23,17,17,10,8
JEN1000000534MY,21-Jul-26,Zana,Sabah,Johor,Economy,Small,1.69,19,11,6,8
JEN1000000535MY,21-Jul-26,Lim,Sarawak,WPKL,Economy,Small,0.41,24,13,5,8
JEN1000000536MY,21-Jul-26,Lee,Penang,Perak,Economy,Small,1.34,23,10,2,8
JEN1000000537MY,21-Jul-26,Hafiz,Johor,Johor,Economy,Small,1.24,15,13,6,8
JEN1000000538MY,21-Jul-26,Tan,Perak,Perak,Economy,Small,0.91,21,15,9,8
JEN1000000539MY,21-Jul-26,Hafiz,Penang,Kelantan,Economy,Small,0.67,23,19,8,8
JEN1000000540MY,21-Jul-26,Hafiz,Selangor,WPKL,Economy,Small,1.07,25,15,10,8
JEN1000000541MY,21-Jul-26,Tan,Perak,Perak,Economy,Small,1.4,22,11,7,8
JEN1000000542MY,21-Jul-26,Siti,Sabah,Perak,Economy,Small,0.6,25,14,5,8
JEN1000000543MY,21-Jul-26,Siti,Pahang,Penang,Economy,Small,1.81,24,16,7,8
JEN1000000544MY,21-Jul-26,Nurul,WPKL,Kelantan,Economy,Small,2,19,16,8,8
JEN1000000545MY,21-Jul-26,Lee,WPKL,Penang,Economy,Small,0.75,18,20,10,8
JEN1000000546MY,21-Jul-26,Siti,Sabah,Pahang,Economy,Small,0.67,17,20,10,8
JEN1000000547MY,21-Jul-26,Raj,Perak,Selangor,Economy,Small,0.99,19,18,4,8
JEN1000000548MY,21-Jul-26,Raj,Selangor,Penang,Economy,Small,0.78,19,16,7,8
JEN1000000549MY,21-Jul-26,Hafiz,Perak,Perak,Economy,Small,0.98,16,17,2,8
JEN1000000550MY,21-Jul-26,Aina,Selangor,Kelantan,Economy,Small,1.79,23,11,8,8
JEN1000000551MY,21-Jul-26,Raj,Perak,Sarawak,Economy,Small,0.2,17,12,5,8
JEN1000000552MY,21-Jul-26,Raj,Sarawak,Kelantan,Economy,Small,0.37,17,11,9,8
JEN1000000553MY,21-Jul-26,Lim,Johor,Sabah,Economy,Small,1.31,15,17,6,8
JEN1000000554MY,21-Jul-26,Nurul,Johor,Johor,Economy,Small,1.03,16,12,8,8
JEN1000000555MY,21-Jul-26,Aina,Sarawak,Sarawak,Economy,Small,1.93,21,10,2,8
JEN1000000556MY,21-Jul-26,Zana,Penang,Sabah,Economy,Small,1.91,20,18,5,8
JEN1000000557MY,21-Jul-26,Ahmad,WPKL,Penang,Economy,Small,0.53,20,14,4,8
JEN1000000558MY,21-Jul-26,Tan,Sarawak,Pahang,Economy,Small,1.22,17,11,2,8
JEN1000000559MY,21-Jul-26,Nurul,Perak,Kelantan,Economy,Small,1.48,24,18,7,8
JEN1000000560MY,21-Jul-26,Siti,Johor,Sabah,Economy,Small,1.99,22,15,5,8
JEN1000000561MY,21-Jul-26,Hafiz,Sarawak,WPKL,Economy,Small,0.53,17,13,2,8
JEN1000000562MY,21-Jul-26,Tan,Pahang,Johor,Economy,Small,0.33,25,10,8,8
JEN1000000563MY,21-Jul-26,Zana,Pahang,WPKL,Economy,Small,1.23,15,20,3,8
JEN1000000564MY,21-Jul-26,Tan,WPKL,Selangor,Economy,Small,0.89,21,11,10,8
JEN1000000565MY,21-Jul-26,Tan,Kelantan,Johor,Economy,Small,0.49,25,20,2,8
JEN1000000566MY,21-Jul-26,Nurul,Sarawak,Selangor,Economy,Small,1.36,19,19,4,8
JEN1000000567MY,21-Jul-26,Ahmad,Selangor,Pahang,Economy,Small,1.47,16,14,3,8
JEN1000000568MY,21-Jul-26,Raj,Kelantan,Penang,Economy,Small,1.26,19,18,5,8
JEN1000000569MY,21-Jul-26,Lee,Sarawak,Perak,Economy,Small,0.4,23,17,5,8
JEN1000000570MY,21-Jul-26,Hafiz,Sabah,Penang,Economy,Small,0.11,25,11,3,8
JEN1000000571MY,21-Jul-26,Tan,Kelantan,Johor,Economy,Small,1.9,23,11,3,8
JEN1000000572MY,21-Jul-26,Zana,Penang,Kelantan,Economy,Small,1.98,19,14,9,8
JEN1000000573MY,21-Jul-26,Nurul,Selangor,Johor,Economy,Small,1.76,19,15,7,8
JEN1000000574MY,21-Jul-26,Siti,Selangor,Selangor,Economy,Small,1.72,15,10,4,8
JEN1000000575MY,21-Jul-26,Raj,Sabah,Sabah,Economy,Small,1.8,24,14,3,8
JEN1000000576MY,21-Jul-26,Nurul,Sabah,Johor,Economy,Small,0.32,21,17,6,8
JEN1000000577MY,21-Jul-26,Zana,Kelantan,Sarawak,Economy,Small,1.33,17,11,4,8
JEN1000000578MY,21-Jul-26,Siti,Johor,Selangor,Economy,Small,0.89,24,17,9,8
JEN1000000579MY,21-Jul-26,Lee,Sarawak,Sabah,Economy,Small,1.26,25,12,9,8
JEN1000000580MY,21-Jul-26,Zana,Selangor,Sarawak,Economy,Small,0.94,16,14,7,8
JEN1000000581MY,21-Jul-26,Aina,Pahang,Penang,Economy,Small,1.96,25,15,10,8
JEN1000000582MY,21-Jul-26,Nurul,Selangor,Sarawak,Economy,Small,1.36,18,17,7,8
JEN1000000583MY,21-Jul-26,Siti,Johor,Pahang,Economy,Small,1.79,24,10,2,8
JEN1000000584MY,21-Jul-26,Raj,Pahang,Kelantan,Economy,Small,1.72,17,11,9,8
JEN1000000585MY,21-Jul-26,Aina,Penang,Sabah,Economy,Small,1.94,15,18,5,8
JEN1000000586MY,21-Jul-26,Hafiz,Sarawak,Sarawak,Economy,Small,1.65,16,17,9,8
JEN1000000587MY,21-Jul-26,Lee,Kelantan,Selangor,Economy,Small,1.73,22,15,3,8
JEN1000000588MY,21-Jul-26,Zana,WPKL,Selangor,Economy,Small,0.87,15,18,10,8
JEN1000000589MY,21-Jul-26,Raj,Selangor,Perak,Economy,Small,1.79,23,13,9,8
JEN1000000590MY,21-Jul-26,Hafiz,Sabah,WPKL,Economy,Small,1.65,22,15,10,8
JEN1000000591MY,21-Jul-26,Zana,Kelantan,Sabah,Economy,Small,1.46,16,11,5,8
JEN1000000592MY,21-Jul-26,Raj,Sabah,Sabah,Economy,Small,1.68,19,18,10,8
JEN1000000593MY,21-Jul-26,Ahmad,Selangor,WPKL,Economy,Small,1.8,22,12,8,8
JEN1000000594MY,21-Jul-26,Lim,Perak,Penang,Economy,Small,0.46,21,13,9,8
JEN1000000595MY,21-Jul-26,Lee,Sabah,Selangor,Economy,Small,1.54,15,20,3,8
JEN1000000596MY,21-Jul-26,Zana,Kelantan,Pahang,Economy,Small,0.36,22,10,10,8
JEN1000000597MY,21-Jul-26,Hafiz,Pahang,Sarawak,Economy,Small,1.69,22,18,4,8
JEN1000000598MY,21-Jul-26,Aina,Johor,Johor,Economy,Small,0.3,25,19,7,8
JEN1000000599MY,21-Jul-26,Raj,Sarawak,Sarawak,Economy,Small,1.96,18,14,8,8
JEN1000000600MY,21-Jul-26,Tan,Perak,Kelantan,Economy,Small,1.63,17,16,10,8
JEN1000000601MY,21-Jul-26,Lim,Pahang,Sabah,Economy,Small,1.45,23,20,5,8
JEN1000000602MY,21-Jul-26,Aina,Penang,Perak,Economy,Small,1.4,25,12,4,8
JEN1000000603MY,21-Jul-26,Hafiz,Pahang,Sabah,Economy,Small,1.45,20,18,9,8
JEN1000000604MY,21-Jul-26,Ahmad,Sarawak,Pahang,Economy,Small,0.64,21,10,10,8
JEN1000000605MY,21-Jul-26,Tan,WPKL,Sarawak,Economy,Small,0.38,25,10,5,8
JEN1000000606MY,21-Jul-26,Lim,Johor,Perak,Economy,Small,1.4,17,10,6,8
JEN1000000607MY,21-Jul-26,Lim,Pahang,WPKL,Economy,Small,0.78,22,11,10,8
JEN1000000608MY,21-Jul-26,Nurul,Pahang,Sarawak,Economy,Small,0.55,19,20,2,8
JEN1000000609MY,21-Jul-26,Zana,Sarawak,Sarawak,Economy,Small,1.92,25,15,10,8
JEN1000000610MY,21-Jul-26,Hafiz,WPKL,Perak,Economy,Small,0.49,22,13,7,8
JEN1000000611MY,21-Jul-26,Siti,Pahang,Penang,Economy,Small,1.57,18,14,9,8
JEN1000000612MY,21-Jul-26,Zana,Selangor,Johor,Economy,Small,1.93,23,11,8,8
JEN1000000613MY,21-Jul-26,Zana,Sarawak,Perak,Economy,Small,1.16,17,12,6,8
JEN1000000614MY,21-Jul-26,Raj,Sabah,Kelantan,Economy,Small,1.45,17,10,4,8
JEN1000000615MY,21-Jul-26,Ahmad,WPKL,Perak,Economy,Small,1.03,24,18,7,8
JEN1000000616MY,21-Jul-26,Aina,Sabah,Pahang,Economy,Small,0.52,17,18,3,8
JEN1000000617MY,21-Jul-26,Lim,Johor,Sarawak,Economy,Small,1.13,21,11,7,8
JEN1000000618MY,21-Jul-26,Lee,Penang,Sabah,Economy,Small,0.73,19,13,10,8
JEN1000000619MY,21-Jul-26,Hafiz,Pahang,WPKL,Economy,Small,0.32,20,17,5,8
JEN1000000620MY,21-Jul-26,Nurul,Penang,WPKL,Economy,Small,1.4,20,16,3,8
JEN1000000621MY,21-Jul-26,Aina,Perak,Pahang,Economy,Small,1.48,15,18,7,8
JEN1000000622MY,21-Jul-26,Raj,Pahang,Kelantan,Economy,Small,1.02,19,20,5,8
JEN1000000623MY,21-Jul-26,Zana,Pahang,Selangor,Economy,Small,1.9,17,18,10,8
JEN1000000624MY,21-Jul-26,Ahmad,Selangor,Penang,Economy,Small,1.37,18,20,8,8
JEN1000000625MY,21-Jul-26,Siti,Penang,Pahang,Economy,Small,1.67,21,20,3,8
JEN1000000626MY,21-Jul-26,Zana,WPKL,Kelantan,Economy,Small,1.46,15,11,3,8
JEN1000000627MY,21-Jul-26,Nurul,Johor,Perak,Economy,Small,1.16,24,13,6,8
JEN1000000628MY,21-Jul-26,Nurul,Sarawak,Kelantan,Economy,Small,1.3,21,15,2,8
JEN1000000629MY,21-Jul-26,Ahmad,Selangor,Pahang,Economy,Small,0.11,24,11,2,8
JEN1000000630MY,21-Jul-26,Tan,Sabah,Pahang,Economy,Small,0.3,25,14,3,8
JEN1000000631MY,21-Jul-26,Siti,Kelantan,Sarawak,Economy,Small,0.85,25,10,9,8
JEN1000000632MY,21-Jul-26,Siti,Pahang,Penang,Economy,Small,0.36,21,18,6,8
JEN1000000633MY,21-Jul-26,Siti,Perak,Sabah,Economy,Small,1.92,15,18,10,8
JEN1000000634MY,21-Jul-26,Aina,Selangor,WPKL,Economy,Small,0.11,24,16,10,8
JEN1000000635MY,21-Jul-26,Aina,Selangor,Perak,Economy,Small,0.5,20,13,8,8
JEN1000000636MY,21-Jul-26,Ahmad,Johor,Johor,Economy,Small,0.45,24,14,5,8
JEN1000000637MY,21-Jul-26,Ahmad,Johor,WPKL,Economy,Small,1.72,23,17,10,8
JEN1000000638MY,21-Jul-26,Raj,Perak,Selangor,Economy,Small,0.58,18,19,9,8
JEN1000000639MY,21-Jul-26,Hafiz,Sabah,Johor,Economy,Small,1.38,18,11,6,8
JEN1000000640MY,21-Jul-26,Hafiz,Selangor,Penang,Economy,Small,0.7,22,15,6,8
JEN1000000641MY,21-Jul-26,Raj,Johor,Sabah,Economy,Small,1.63,21,12,2,8
JEN1000000642MY,21-Jul-26,Raj,Penang,Penang,Economy,Small,1.45,25,16,6,8
JEN1000000643MY,21-Jul-26,Tan,Johor,Sabah,Economy,Small,1.77,22,17,7,8
JEN1000000644MY,21-Jul-26,Tan,Kelantan,Pahang,Economy,Small,0.31,25,19,3,8
JEN1000000645MY,21-Jul-26,Zana,Johor,Pahang,Economy,Small,0.47,25,11,3,8
JEN1000000646MY,21-Jul-26,Zana,Pahang,WPKL,Economy,Small,1.64,24,16,5,8
JEN1000000647MY,21-Jul-26,Raj,Pahang,Perak,Economy,Small,1.13,23,17,4,8
JEN1000000648MY,21-Jul-26,Lee,Sarawak,Penang,Economy,Small,1.79,24,14,4,8
JEN1000000649MY,21-Jul-26,Lim,Pahang,Pahang,Economy,Small,0.27,20,18,2,8
JEN1000000650MY,21-Jul-26,Lee,Johor,Pahang,Economy,Small,0.37,17,12,4,8
JEN1000000651MY,21-Jul-26,Tan,Sabah,WPKL,Economy,Small,0.52,22,13,3,8
JEN1000000652MY,21-Jul-26,Nurul,Sabah,Penang,Economy,Small,0.18,18,18,7,8
JEN1000000653MY,21-Jul-26,Ahmad,Kelantan,Kelantan,Economy,Small,1.77,15,20,7,8
JEN1000000654MY,21-Jul-26,Hafiz,Pahang,Perak,Economy,Small,1.69,19,19,10,8
JEN1000000655MY,21-Jul-26,Aina,Johor,Sarawak,Economy,Small,1.34,20,19,3,8
JEN1000000656MY,21-Jul-26,Raj,Perak,Sarawak,Economy,Small,1.95,18,18,8,8
JEN1000000657MY,21-Jul-26,Siti,Sabah,Kelantan,Economy,Small,1.61,24,10,10,8
JEN1000000658MY,21-Jul-26,Lim,Kelantan,Johor,Economy,Small,0.54,23,20,6,8
JEN1000000659MY,21-Jul-26,Nurul,Johor,Johor,Economy,Small,0.4,24,11,5,8
JEN1000000660MY,21-Jul-26,Hafiz,Sabah,Selangor,Economy,Small,1.01,22,17,5,8
JEN1000000661MY,21-Jul-26,Siti,Johor,Sarawak,Economy,Small,0.14,15,12,4,8
JEN1000000662MY,21-Jul-26,Tan,Pahang,WPKL,Economy,Small,1.79,17,10,4,8
JEN1000000663MY,21-Jul-26,Tan,Johor,Pahang,Economy,Small,1.92,24,19,2,8
JEN1000000664MY,21-Jul-26,Lim,Selangor,Penang,Economy,Small,0.95,22,17,4,8
JEN1000000665MY,21-Jul-26,Tan,Sarawak,Johor,Economy,Small,1.61,17,19,10,8
JEN1000000666MY,21-Jul-26,Lim,Johor,Sabah,Economy,Small,1.85,24,19,3,8
JEN1000000667MY,21-Jul-26,Aina,Sarawak,Sarawak,Economy,Small,0.35,15,13,10,8
JEN1000000668MY,21-Jul-26,Aina,Sarawak,Johor,Economy,Small,1.25,17,17,2,8
JEN1000000669MY,21-Jul-26,Zana,Pahang,Selangor,Economy,Small,0.28,25,12,10,8
JEN1000000670MY,21-Jul-26,Lim,Sarawak,Pahang,Economy,Small,0.9,15,18,8,8
JEN1000000671MY,21-Jul-26,Siti,Kelantan,Sarawak,Economy,Small,0.77,24,11,8,8
JEN1000000672MY,21-Jul-26,Nurul,Perak,Kelantan,Economy,Small,1.56,16,14,10,8
JEN1000000673MY,21-Jul-26,Ahmad,Perak,Penang,Economy,Small,0.11,15,19,10,8
JEN1000000674MY,21-Jul-26,Raj,Pahang,WPKL,Economy,Small,0.81,18,15,8,8
JEN1000000675MY,21-Jul-26,Aina,Selangor,Johor,Economy,Small,0.91,24,14,6,8
JEN1000000676MY,21-Jul-26,Nurul,Sarawak,Sabah,Economy,Small,1.26,25,16,5,8
JEN1000000677MY,21-Jul-26,Lee,Pahang,Pahang,Economy,Small,1.02,20,18,10,8
JEN1000000678MY,21-Jul-26,Lim,Perak,Perak,Economy,Small,1.2,21,12,3,8
JEN1000000679MY,21-Jul-26,Aina,Kelantan,Johor,Economy,Small,0.29,23,16,7,8
JEN1000000680MY,21-Jul-26,Siti,WPKL,Johor,Economy,Small,0.84,25,10,3,8
JEN1000000681MY,21-Jul-26,Ahmad,Kelantan,Sarawak,Economy,Small,0.27,19,13,7,8
JEN1000000682MY,21-Jul-26,Tan,WPKL,Sarawak,Economy,Small,1.87,21,19,10,8
JEN1000000683MY,21-Jul-26,Aina,WPKL,Johor,Economy,Small,1.32,22,10,5,8
JEN1000000684MY,21-Jul-26,Lim,Perak,Penang,Economy,Small,0.16,24,18,10,8
JEN1000000685MY,21-Jul-26,Ahmad,Johor,WPKL,Economy,Small,0.78,25,10,4,8
JEN1000000686MY,21-Jul-26,Aina,Perak,Sarawak,Economy,Small,0.77,21,16,5,8
JEN1000000687MY,21-Jul-26,Hafiz,WPKL,Selangor,Economy,Small,1.85,23,14,10,8
JEN1000000688MY,21-Jul-26,Lee,Sabah,Sabah,Economy,Small,1.93,19,13,5,8
JEN1000000689MY,21-Jul-26,Aina,Sarawak,WPKL,Economy,Small,0.6,21,18,3,8
JEN1000000690MY,21-Jul-26,Aina,Selangor,Pahang,Economy,Small,0.66,16,18,6,8
JEN1000000691MY,21-Jul-26,Raj,Perak,Kelantan,Economy,Small,1.94,24,17,5,8
JEN1000000692MY,21-Jul-26,Tan,Kelantan,Kelantan,Economy,Small,1.8,15,17,3,8
JEN1000000693MY,21-Jul-26,Raj,Selangor,Sarawak,Economy,Small,1.3,18,20,5,8
JEN1000000694MY,21-Jul-26,Tan,Sarawak,Sabah,Economy,Small,1.08,15,14,5,8
JEN1000000695MY,21-Jul-26,Siti,Selangor,Sarawak,Economy,Small,1.38,20,11,10,8
JEN1000000696MY,21-Jul-26,Lim,Kelantan,Sabah,Economy,Small,0.77,24,14,4,8
JEN1000000697MY,21-Jul-26,Lim,Kelantan,Penang,Economy,Small,0.55,18,14,5,8
JEN1000000698MY,21-Jul-26,Ahmad,Penang,Penang,Economy,Small,1.69,20,12,3,8
JEN1000000699MY,21-Jul-26,Raj,Selangor,Kelantan,Economy,Small,1.27,23,10,9,8
JEN1000000700MY,21-Jul-26,Siti,Sabah,Kelantan,Economy,Small,1.81,24,14,9,8
JEN1000000701MY,21-Jul-26,Aina,Pahang,Perak,Economy,Small,0.86,24,12,2,8
JEN1000000702MY,21-Jul-26,Nurul,Sarawak,Kelantan,Economy,Small,1.89,15,18,7,8
JEN1000000703MY,21-Jul-26,Zana,Johor,Kelantan,Economy,Small,1.96,23,17,7,8
JEN1000000704MY,21-Jul-26,Hafiz,WPKL,Penang,Economy,Small,0.82,16,15,7,8
JEN1000000705MY,21-Jul-26,Hafiz,Perak,Johor,Economy,Small,1.14,18,14,9,8
JEN1000000706MY,21-Jul-26,Raj,Sabah,Sabah,Economy,Small,0.45,21,13,8,8
JEN1000000707MY,21-Jul-26,Hafiz,Sabah,Sarawak,Economy,Small,0.63,17,19,4,8
JEN1000000708MY,21-Jul-26,Nurul,Penang,Selangor,Economy,Small,1.47,18,18,8,8
JEN1000000709MY,21-Jul-26,Siti,Penang,Johor,Economy,Small,1.62,17,17,2,8
JEN1000000710MY,21-Jul-26,Raj,Sarawak,Kelantan,Economy,Small,0.36,25,18,10,8
JEN1000000711MY,21-Jul-26,Ahmad,Kelantan,Perak,Economy,Small,0.58,24,10,8,8
JEN1000000712MY,21-Jul-26,Lee,Johor,WPKL,Economy,Small,0.51,19,17,3,8
JEN1000000713MY,21-Jul-26,Raj,Sabah,Perak,Economy,Small,0.79,23,18,6,8
JEN1000000714MY,21-Jul-26,Hafiz,WPKL,Sarawak,Economy,Small,0.33,25,19,5,8
JEN1000000715MY,21-Jul-26,Aina,Pahang,Johor,Economy,Small,1.96,19,15,7,8
JEN1000000716MY,21-Jul-26,Lee,Kelantan,Kelantan,Economy,Small,1.79,21,19,6,8
JEN1000000717MY,21-Jul-26,Ahmad,Johor,Johor,Economy,Small,1.32,20,16,8,8
JEN1000000718MY,21-Jul-26,Tan,Selangor,Johor,Economy,Small,0.75,20,15,6,8
JEN1000000719MY,21-Jul-26,Lee,Sarawak,Perak,Economy,Small,1.79,20,19,10,8
JEN1000000720MY,21-Jul-26,Tan,Sarawak,Johor,Economy,Small,0.45,15,12,5,8
JEN1000000721MY,21-Jul-26,Lee,Selangor,Penang,Economy,Small,0.42,16,11,3,8
JEN1000000722MY,21-Jul-26,Ahmad,Pahang,WPKL,Economy,Small,0.15,21,18,3,8
JEN1000000723MY,21-Jul-26,Lim,Perak,Johor,Economy,Small,0.26,21,14,5,8
JEN1000000724MY,21-Jul-26,Zana,Perak,Kelantan,Economy,Small,1.29,17,18,4,8
JEN1000000725MY,21-Jul-26,Aina,WPKL,Sabah,Economy,Small,1.73,20,17,9,8
JEN1000000726MY,21-Jul-26,Hafiz,Perak,Pahang,Economy,Small,0.95,23,12,9,8
JEN1000000727MY,21-Jul-26,Lee,Sarawak,Pahang,Economy,Small,1.32,23,14,7,8
JEN1000000728MY,21-Jul-26,Nurul,Pahang,Penang,Economy,Small,1.63,22,14,7,8
JEN1000000729MY,21-Jul-26,Raj,Perak,Johor,Economy,Small,0.68,15,18,4,8
JEN1000000730MY,21-Jul-26,Zana,Perak,Kelantan,Economy,Small,1.12,22,17,6,8
JEN1000000731MY,21-Jul-26,Lim,Sarawak,Perak,Economy,Small,1.23,15,18,7,8
JEN1000000732MY,21-Jul-26,Nurul,Sarawak,Pahang,Economy,Small,0.93,18,12,8,8
JEN1000000733MY,21-Jul-26,Hafiz,Penang,Perak,Economy,Small,0.25,25,13,10,8
JEN1000000734MY,21-Jul-26,Lim,Perak,Perak,Economy,Small,1.33,23,14,8,8
JEN1000000735MY,21-Jul-26,Hafiz,Selangor,Johor,Economy,Small,0.36,16,20,9,8
JEN1000000736MY,21-Jul-26,Zana,Kelantan,Perak,Economy,Small,1.43,22,13,7,8
JEN1000000737MY,21-Jul-26,Tan,Johor,WPKL,Economy,Small,1.94,15,12,3,8
JEN1000000738MY,21-Jul-26,Siti,Perak,Johor,Economy,Small,1.46,15,13,3,8
JEN1000000739MY,21-Jul-26,Raj,WPKL,Kelantan,Economy,Small,0.51,21,14,9,8
JEN1000000740MY,21-Jul-26,Nurul,Kelantan,WPKL,Economy,Small,0.73,17,10,6,8
JEN1000000741MY,21-Jul-26,Zana,Selangor,Pahang,Economy,Small,0.99,18,14,8,8
JEN1000000742MY,21-Jul-26,Lim,Selangor,Penang,Economy,Small,0.83,22,13,2,8
JEN1000000743MY,21-Jul-26,Tan,Kelantan,Selangor,Economy,Small,1.09,18,17,8,8
JEN1000000744MY,21-Jul-26,Ahmad,Sabah,Johor,Economy,Small,1.3,15,18,10,8
JEN1000000745MY,21-Jul-26,Lim,Perak,Kelantan,Economy,Small,1.31,18,15,2,8
JEN1000000746MY,21-Jul-26,Tan,Selangor,Penang,Economy,Small,1.3,20,10,4,8
JEN1000000747MY,21-Jul-26,Hafiz,Selangor,Sarawak,Economy,Small,1.6,15,10,9,8
JEN1000000748MY,21-Jul-26,Ahmad,Johor,Sabah,Economy,Small,1.56,18,12,9,8
JEN1000000749MY,21-Jul-26,Ahmad,Sabah,WPKL,Economy,Small,0.21,25,12,10,8
JEN1000000750MY,21-Jul-26,Lee,Johor,Kelantan,Economy,Small,0.54,23,20,7,8
JEN1000000751MY,21-Jul-26,Zana,Penang,WPKL,Economy,Small,1.41,20,12,6,8
JEN1000000752MY,21-Jul-26,Hafiz,Kelantan,Kelantan,Economy,Small,1.16,23,17,5,8
JEN1000000753MY,21-Jul-26,Siti,Johor,Pahang,Economy,Small,0.76,22,14,10,8
JEN1000000754MY,21-Jul-26,Raj,Selangor,Pahang,Economy,Small,0.39,19,14,10,8
JEN1000000755MY,21-Jul-26,Zana,Kelantan,WPKL,Economy,Small,1.57,23,16,4,8
JEN1000000756MY,21-Jul-26,Nurul,Sabah,Penang,Economy,Small,0.71,16,20,10,8
JEN1000000757MY,21-Jul-26,Raj,Penang,Pahang,Economy,Small,1.4,23,12,6,8
JEN1000000758MY,21-Jul-26,Zana,Sarawak,Sabah,Economy,Small,0.31,23,20,3,8
JEN1000000759MY,21-Jul-26,Lim,Johor,Johor,Economy,Small,1.76,18,11,9,8
JEN1000000760MY,21-Jul-26,Aina,Selangor,WPKL,Economy,Small,1.18,21,20,9,8
JEN1000000761MY,21-Jul-26,Lim,Perak,WPKL,Economy,Small,0.8,24,11,2,8
JEN1000000762MY,21-Jul-26,Aina,Kelantan,Selangor,Economy,Small,0.99,25,10,7,8
JEN1000000763MY,21-Jul-26,Aina,Sarawak,Sabah,Economy,Small,1.61,15,19,6,8
JEN1000000764MY,21-Jul-26,Ahmad,WPKL,Selangor,Economy,Small,1.69,16,13,10,8
JEN1000000765MY,21-Jul-26,Lim,Selangor,Penang,Economy,Small,1.11,18,13,10,8
JEN1000000766MY,21-Jul-26,Lee,Johor,Pahang,Economy,Small,1.52,21,11,7,8
JEN1000000767MY,21-Jul-26,Aina,Sarawak,Selangor,Economy,Small,0.42,17,18,8,8
JEN1000000768MY,21-Jul-26,Raj,Sabah,Johor,Economy,Small,1.11,24,17,7,8
JEN1000000769MY,21-Jul-26,Raj,Pahang,Sabah,Economy,Small,1.71,21,20,8,8
JEN1000000770MY,21-Jul-26,Lee,Penang,Pahang,Economy,Small,0.51,23,14,7,8
JEN1000000771MY,21-Jul-26,Aina,Kelantan,Sarawak,Economy,Small,0.1,15,14,2,8
JEN1000000772MY,21-Jul-26,Zana,Johor,Perak,Economy,Small,0.11,18,13,7,8
JEN1000000773MY,21-Jul-26,Ahmad,Perak,Pahang,Economy,Small,1.07,24,19,4,8
JEN1000000774MY,21-Jul-26,Hafiz,WPKL,Kelantan,Economy,Small,0.78,17,14,7,8
JEN1000000775MY,21-Jul-26,Hafiz,Penang,Penang,Economy,Small,0.59,19,11,8,8
JEN1000000776MY,21-Jul-26,Hafiz,Penang,Selangor,Economy,Small,1.47,22,12,9,8
JEN1000000777MY,21-Jul-26,Zana,Selangor,Perak,Economy,Small,0.17,24,16,3,8
JEN1000000778MY,21-Jul-26,Lim,Sabah,Sabah,Economy,Small,1.77,21,16,3,8
JEN1000000779MY,21-Jul-26,Aina,WPKL,Sarawak,Economy,Small,0.2,23,10,7,8
JEN1000000780MY,21-Jul-26,Nurul,Johor,Sabah,Economy,Small,1.05,18,12,2,8
JEN1000000781MY,21-Jul-26,Siti,Kelantan,Pahang,Economy,Small,0.27,21,14,8,8
JEN1000000782MY,21-Jul-26,Nurul,Johor,Sabah,Economy,Small,0.26,24,10,10,8
JEN1000000783MY,21-Jul-26,Lee,Perak,Selangor,Economy,Small,0.86,21,12,4,8
JEN1000000784MY,21-Jul-26,Aina,Pahang,Penang,Economy,Small,1.03,25,19,5,8
JEN1000000785MY,21-Jul-26,Hafiz,Pahang,Penang,Economy,Small,0.56,19,16,7,8
JEN1000000786MY,21-Jul-26,Lim,Selangor,Selangor,Economy,Small,1.38,21,15,7,8
JEN1000000787MY,21-Jul-26,Raj,Sabah,Sabah,Economy,Small,1.23,15,14,4,8
JEN1000000788MY,21-Jul-26,Siti,Kelantan,Johor,Economy,Small,0.94,18,13,7,8
JEN1000000789MY,21-Jul-26,Tan,Selangor,Selangor,Economy,Small,1.51,18,19,4,8
JEN1000000790MY,21-Jul-26,Lee,WPKL,Sabah,Economy,Small,1.42,16,14,9,8
JEN1000000791MY,21-Jul-26,Aina,WPKL,Sabah,Economy,Small,0.5,23,13,5,8
JEN1000000792MY,21-Jul-26,Nurul,Pahang,Perak,Economy,Small,1.14,24,12,2,8
JEN1000000793MY,21-Jul-26,Hafiz,Pahang,WPKL,Economy,Small,0.59,15,14,5,8
JEN1000000794MY,21-Jul-26,Tan,Perak,WPKL,Economy,Small,0.98,15,11,8,8
JEN1000000795MY,21-Jul-26,Nurul,Sabah,Selangor,Economy,Small,0.14,25,16,5,8
JEN1000000796MY,21-Jul-26,Ahmad,Pahang,Selangor,Economy,Small,1.82,22,19,10,8
JEN1000000797MY,21-Jul-26,Zana,Johor,Penang,Economy,Small,1.05,22,18,2,8
JEN1000000798MY,21-Jul-26,Zana,Penang,Pahang,Economy,Small,0.68,22,16,4,8
JEN1000000799MY,21-Jul-26,Tan,Sabah,Sabah,Economy,Small,0.78,19,13,10,8
JEN1000000800MY,21-Jul-26,Lim,WPKL,Perak,Economy,Small,1.77,15,18,6,8
JEN1000000801MY,21-Jul-26,Nurul,Johor,Sabah,Economy,Small,1.8,25,12,3,8
JEN1000000802MY,21-Jul-26,Tan,Pahang,Penang,Economy,Small,0.89,24,12,8,8
JEN1000000803MY,21-Jul-26,Hafiz,Sabah,Kelantan,Economy,Small,1.13,18,20,4,8
JEN1000000804MY,21-Jul-26,Nurul,Pahang,Penang,Economy,Small,1.74,19,18,4,8
JEN1000000805MY,21-Jul-26,Siti,Johor,Johor,Economy,Small,0.7,23,18,3,8
JEN1000000806MY,21-Jul-26,Tan,Sabah,Johor,Economy,Small,1.48,20,16,8,8
JEN1000000807MY,21-Jul-26,Siti,Kelantan,Perak,Economy,Small,0.39,18,11,4,8
JEN1000000808MY,21-Jul-26,Lim,WPKL,Perak,Economy,Small,1.25,24,13,5,8
JEN1000000809MY,21-Jul-26,Hafiz,WPKL,Sabah,Economy,Small,0.25,22,12,10,8
JEN1000000810MY,21-Jul-26,Siti,Kelantan,Sabah,Economy,Small,0.45,21,17,9,8
JEN1000000811MY,21-Jul-26,Nurul,Johor,Penang,Economy,Small,0.53,21,10,6,8
JEN1000000812MY,21-Jul-26,Hafiz,Penang,Penang,Economy,Small,1.54,16,12,9,8
JEN1000000813MY,21-Jul-26,Zana,Kelantan,Sabah,Economy,Small,1.75,18,16,8,8
JEN1000000814MY,21-Jul-26,Aina,Sarawak,Sabah,Economy,Small,0.85,24,19,10,8
JEN1000000815MY,21-Jul-26,Aina,WPKL,Pahang,Economy,Small,0.31,22,10,5,8
JEN1000000816MY,21-Jul-26,Aina,Pahang,Sarawak,Economy,Small,1.97,15,18,8,8
JEN1000000817MY,21-Jul-26,Lee,WPKL,Penang,Economy,Small,0.65,21,14,6,8
JEN1000000818MY,21-Jul-26,Lee,Johor,Sarawak,Economy,Small,0.66,15,18,4,8
JEN1000000819MY,21-Jul-26,Siti,Kelantan,Selangor,Economy,Small,1.47,16,12,10,8
JEN1000000820MY,21-Jul-26,Hafiz,Sarawak,Sarawak,Economy,Small,0.71,15,12,9,8
JEN1000000821MY,21-Jul-26,Ahmad,Penang,Kelantan,Economy,Small,0.27,20,20,4,8
JEN1000000822MY,21-Jul-26,Aina,Selangor,Selangor,Economy,Small,1.44,25,15,3,8
JEN1000000823MY,21-Jul-26,Nurul,Sarawak,Pahang,Economy,Small,1.26,17,16,10,8
JEN1000000824MY,21-Jul-26,Siti,WPKL,Johor,Economy,Small,1.83,24,20,4,8
JEN1000000825MY,21-Jul-26,Tan,Johor,Johor,Economy,Small,1.56,15,16,6,8
JEN1000000826MY,21-Jul-26,Zana,Kelantan,Perak,Economy,Small,1.29,16,12,5,8
JEN1000000827MY,21-Jul-26,Hafiz,Perak,WPKL,Economy,Small,0.97,22,18,2,8
JEN1000000828MY,21-Jul-26,Nurul,Kelantan,Penang,Economy,Small,0.51,25,17,9,8
JEN1000000829MY,21-Jul-26,Tan,Kelantan,Selangor,Economy,Small,1.24,15,13,10,8
JEN1000000830MY,21-Jul-26,Zana,Pahang,Penang,Economy,Small,0.19,17,10,7,8
JEN1000000831MY,21-Jul-26,Ahmad,Johor,WPKL,Economy,Small,1.37,24,14,7,8
JEN1000000832MY,21-Jul-26,Hafiz,WPKL,Selangor,Economy,Small,0.89,17,12,6,8
JEN1000000833MY,21-Jul-26,Ahmad,Pahang,Johor,Economy,Small,1.94,24,15,2,8
JEN1000000834MY,21-Jul-26,Aina,Perak,Sabah,Economy,Small,0.8,21,11,8,8
JEN1000000835MY,21-Jul-26,Aina,Selangor,Perak,Economy,Small,0.99,16,14,7,8
JEN1000000836MY,21-Jul-26,Ahmad,Sarawak,Pahang,Economy,Small,0.5,18,19,2,8
JEN1000000837MY,21-Jul-26,Hafiz,Pahang,Selangor,Economy,Small,1.02,24,14,8,8
JEN1000000838MY,21-Jul-26,Hafiz,Sabah,Perak,Economy,Small,1.1,24,15,4,8
JEN1000000839MY,21-Jul-26,Hafiz,Kelantan,Pahang,Economy,Small,1.49,22,17,4,8
JEN1000000840MY,21-Jul-26,Lee,Penang,Perak,Economy,Small,1.96,15,11,2,8
JEN1000000841MY,21-Jul-26,Raj,Selangor,Penang,Economy,Small,1.62,21,16,2,8
JEN1000000842MY,21-Jul-26,Tan,Sabah,Pahang,Economy,Small,1.63,18,10,5,8
JEN1000000843MY,21-Jul-26,Zana,Perak,Selangor,Economy,Small,0.68,23,18,7,8
JEN1000000844MY,21-Jul-26,Siti,Selangor,Sabah,Economy,Small,0.75,24,19,2,8
JEN1000000845MY,21-Jul-26,Zana,Penang,Sabah,Economy,Small,1.68,25,17,9,8
JEN1000000846MY,21-Jul-26,Lee,Johor,Kelantan,Economy,Small,0.4,22,18,7,8
JEN1000000847MY,21-Jul-26,Aina,Sarawak,WPKL,Economy,Small,1.69,19,19,7,8
JEN1000000848MY,21-Jul-26,Ahmad,Pahang,WPKL,Economy,Small,0.5,25,15,7,8
JEN1000000849MY,21-Jul-26,Siti,Johor,Perak,Economy,Small,1.7,20,16,10,8
JEN1000000850MY,21-Jul-26,Tan,Sarawak,Johor,Economy,Small,1.23,19,15,2,8
JEN1000000851MY,21-Jul-26,Tan,Sarawak,Selangor,Economy,Small,1.04,18,15,9,8
JEN1000000852MY,21-Jul-26,Lim,Penang,Pahang,Economy,Small,0.67,16,15,2,8
JEN1000000853MY,21-Jul-26,Lim,Selangor,Kelantan,Economy,Small,1.06,22,18,4,8
JEN1000000854MY,21-Jul-26,Siti,Sabah,Kelantan,Economy,Small,1.49,23,14,7,8
JEN1000000855MY,21-Jul-26,Lee,Selangor,Pahang,Economy,Small,1.39,17,13,2,8
JEN1000000856MY,21-Jul-26,Raj,Sarawak,Pahang,Economy,Small,0.32,19,10,3,8
JEN1000000857MY,21-Jul-26,Hafiz,Kelantan,WPKL,Economy,Small,0.3,25,14,2,8
JEN1000000858MY,21-Jul-26,Aina,Perak,Penang,Economy,Small,0.71,18,14,6,8
JEN1000000859MY,21-Jul-26,Tan,Sabah,Kelantan,Economy,Small,1.38,19,12,4,8
JEN1000000860MY,21-Jul-26,Lim,Selangor,WPKL,Economy,Small,1.92,23,18,3,8
JEN1000000861MY,21-Jul-26,Hafiz,Pahang,Sabah,Economy,Small,1.14,19,12,6,8
JEN1000000862MY,21-Jul-26,Lee,Penang,Johor,Economy,Small,0.24,24,15,10,8
JEN1000000863MY,21-Jul-26,Nurul,WPKL,Johor,Economy,Small,0.16,25,10,3,8
JEN1000000864MY,21-Jul-26,Hafiz,WPKL,Selangor,Economy,Small,0.91,17,19,9,8
JEN1000000865MY,21-Jul-26,Ahmad,Sabah,Perak,Economy,Small,0.73,18,20,10,8
JEN1000000866MY,21-Jul-26,Tan,Kelantan,Johor,Economy,Small,0.28,22,11,9,8
JEN1000000867MY,21-Jul-26,Raj,Kelantan,Kelantan,Economy,Small,0.54,18,12,6,8
JEN1000000868MY,21-Jul-26,Lee,Sarawak,Johor,Economy,Small,1.43,25,15,7,8
JEN1000000869MY,21-Jul-26,Lee,Kelantan,WPKL,Economy,Small,0.22,16,15,9,8
JEN1000000870MY,21-Jul-26,Aina,Johor,Perak,Economy,Small,1.56,24,19,4,8
JEN1000000871MY,21-Jul-26,Ahmad,Selangor,Sarawak,Economy,Small,1.65,16,15,10,8
JEN1000000872MY,21-Jul-26,Hafiz,Perak,Pahang,Economy,Small,0.98,24,16,5,8
JEN1000000873MY,21-Jul-26,Raj,Penang,Pahang,Economy,Small,0.4,22,16,3,8
JEN1000000874MY,21-Jul-26,Aina,Penang,Sarawak,Economy,Small,1.59,21,19,7,8
JEN1000000875MY,21-Jul-26,Ahmad,Penang,Johor,Economy,Small,1.36,16,19,9,8
JEN1000000876MY,21-Jul-26,Nurul,Kelantan,Sabah,Economy,Small,1.15,22,12,6,8
JEN1000000877MY,21-Jul-26,Lee,Selangor,Selangor,Economy,Small,1.4,24,16,7,8
JEN1000000878MY,21-Jul-26,Siti,WPKL,Selangor,Economy,Small,0.51,17,19,2,8
JEN1000000879MY,21-Jul-26,Lim,Johor,Kelantan,Economy,Small,1.11,21,19,9,8
JEN1000000880MY,21-Jul-26,Raj,Penang,Sabah,Economy,Small,0.67,25,14,8,8
JEN1000000881MY,21-Jul-26,Tan,Selangor,WPKL,Economy,Small,1.26,23,16,4,8
JEN1000000882MY,21-Jul-26,Raj,WPKL,Sabah,Economy,Small,1.81,15,10,10,8
JEN1000000883MY,21-Jul-26,Raj,Selangor,Perak,Economy,Small,1.74,18,16,8,8
JEN1000000884MY,21-Jul-26,Lee,Sarawak,Sarawak,Economy,Small,0.82,23,13,4,8
JEN1000000885MY,21-Jul-26,Tan,Johor,Penang,Economy,Small,1.16,20,16,4,8
JEN1000000886MY,21-Jul-26,Lee,Johor,Johor,Economy,Small,0.12,25,10,4,8
JEN1000000887MY,21-Jul-26,Hafiz,Sarawak,Johor,Economy,Small,0.26,25,16,9,8
JEN1000000888MY,21-Jul-26,Nurul,Sarawak,Johor,Economy,Small,0.96,21,18,9,8
JEN1000000889MY,21-Jul-26,Lim,Sabah,Penang,Economy,Small,0.45,24,10,9,8
JEN1000000890MY,21-Jul-26,Zana,Pahang,Perak,Economy,Small,0.88,23,19,7,8
JEN1000000891MY,21-Jul-26,Ahmad,WPKL,Kelantan,Economy,Small,1.44,16,19,9,8
JEN1000000892MY,21-Jul-26,Ahmad,Johor,Pahang,Economy,Small,1.97,19,17,10,8
JEN1000000893MY,21-Jul-26,Aina,Pahang,Selangor,Economy,Small,0.57,25,20,3,8
JEN1000000894MY,21-Jul-26,Lee,Perak,WPKL,Economy,Small,1.82,23,10,9,8
JEN1000000895MY,21-Jul-26,Tan,Pahang,Kelantan,Economy,Small,1.19,20,16,7,8
JEN1000000896MY,21-Jul-26,Zana,Perak,Johor,Economy,Small,0.17,24,14,6,8
JEN1000000897MY,21-Jul-26,Tan,Kelantan,Johor,Economy,Small,1.19,25,14,2,8
JEN1000000898MY,21-Jul-26,Siti,Kelantan,Selangor,Economy,Small,0.34,16,14,6,8
JEN1000000899MY,21-Jul-26,Hafiz,Perak,Perak,Economy,Small,1.73,15,11,4,8
JEN1000000900MY,21-Jul-26,Lee,Johor,Kelantan,Economy,Small,0.8,17,14,5,8
JEN1000000901MY,21-Jul-26,Hafiz,Johor,Pahang,Economy,Small,1.74,20,11,4,8
JEN1000000902MY,21-Jul-26,Lee,Johor,Kelantan,Economy,Small,1.53,21,16,5,8
JEN1000000903MY,21-Jul-26,Ahmad,Johor,Penang,Economy,Small,1.2,20,10,6,8
JEN1000000904MY,21-Jul-26,Aina,WPKL,Johor,Economy,Small,0.98,22,14,9,8
JEN1000000905MY,21-Jul-26,Siti,Penang,Sarawak,Economy,Small,1.4,21,17,6,8
JEN1000000906MY,21-Jul-26,Aina,Pahang,Sarawak,Economy,Small,0.12,22,16,7,8
JEN1000000907MY,21-Jul-26,Hafiz,WPKL,Selangor,Economy,Small,1.84,25,15,8,8
JEN1000000908MY,21-Jul-26,Lee,Perak,Sabah,Economy,Small,0.61,16,14,8,8
JEN1000000909MY,21-Jul-26,Aina,Penang,Penang,Economy,Small,1.09,25,12,7,8
JEN1000000910MY,21-Jul-26,Aina,WPKL,WPKL,Economy,Small,1.68,15,16,3,8
JEN1000000911MY,21-Jul-26,Zana,Selangor,Kelantan,Economy,Small,0.77,19,14,5,8
JEN1000000912MY,21-Jul-26,Hafiz,WPKL,Selangor,Economy,Small,0.21,24,20,5,8
JEN1000000913MY,21-Jul-26,Hafiz,Selangor,Selangor,Economy,Small,0.26,24,12,8,8
JEN1000000914MY,21-Jul-26,Ahmad,Johor,Selangor,Economy,Small,1.42,19,14,9,8
JEN1000000915MY,21-Jul-26,Siti,Kelantan,Perak,Economy,Small,1.56,25,15,6,8
JEN1000000916MY,21-Jul-26,Zana,Selangor,Perak,Economy,Small,1.58,21,16,7,8
JEN1000000917MY,21-Jul-26,Hafiz,Perak,Perak,Economy,Small,0.44,16,17,5,8
JEN1000000918MY,21-Jul-26,Nurul,Sarawak,Johor,Economy,Small,1.33,16,12,10,8
JEN1000000919MY,21-Jul-26,Ahmad,Penang,Selangor,Economy,Small,1.83,19,11,2,8
JEN1000000920MY,21-Jul-26,Zana,Selangor,Perak,Economy,Small,1.58,15,17,4,8
JEN1000000921MY,21-Jul-26,Aina,WPKL,Sarawak,Economy,Small,0.61,20,16,2,8
JEN1000000922MY,21-Jul-26,Zana,Kelantan,Kelantan,Economy,Small,0.93,16,18,5,8
JEN1000000923MY,21-Jul-26,Tan,Sarawak,Kelantan,Economy,Small,0.33,23,15,7,8
JEN1000000924MY,21-Jul-26,Aina,Sarawak,WPKL,Economy,Small,1.3,25,11,7,8
JEN1000000925MY,21-Jul-26,Siti,Sabah,Selangor,Economy,Small,1.7,19,20,5,8
JEN1000000926MY,21-Jul-26,Nurul,Pahang,WPKL,Economy,Small,1.94,25,13,6,8
JEN1000000927MY,21-Jul-26,Siti,Selangor,Sabah,Economy,Small,1.02,25,17,5,8
JEN1000000928MY,21-Jul-26,Nurul,WPKL,Penang,Economy,Small,0.15,24,13,9,8
JEN1000000929MY,21-Jul-26,Zana,Selangor,Pahang,Economy,Small,1.32,22,18,9,8
JEN1000000930MY,21-Jul-26,Lim,WPKL,Sabah,Economy,Small,0.21,15,16,3,8
JEN1000000931MY,21-Jul-26,Ahmad,Pahang,Kelantan,Economy,Small,1.89,23,12,5,8
JEN1000000932MY,21-Jul-26,Lim,WPKL,Johor,Economy,Small,1.03,15,17,2,8
JEN1000000933MY,21-Jul-26,Lee,Johor,WPKL,Economy,Small,0.43,15,14,3,8
JEN1000000934MY,21-Jul-26,Hafiz,Johor,Selangor,Economy,Small,1.65,16,11,9,8
JEN1000000935MY,21-Jul-26,Raj,Penang,Selangor,Economy,Small,1.63,21,15,8,8
JEN1000000936MY,21-Jul-26,Raj,Selangor,Pahang,Economy,Small,0.36,18,10,4,8
JEN1000000937MY,21-Jul-26,Aina,Selangor,Selangor,Economy,Small,0.62,21,12,7,8
JEN1000000938MY,21-Jul-26,Ahmad,Johor,Kelantan,Economy,Small,0.56,24,10,4,8
JEN1000000939MY,21-Jul-26,Zana,Sarawak,Johor,Economy,Small,0.13,22,11,2,8
JEN1000000940MY,21-Jul-26,Lee,Johor,Selangor,Economy,Small,1.44,24,14,8,8
JEN1000000941MY,21-Jul-26,Nurul,Johor,Penang,Economy,Small,0.37,19,18,9,8
JEN1000000942MY,21-Jul-26,Lee,Penang,Johor,Economy,Small,1.26,15,19,4,8
JEN1000000943MY,21-Jul-26,Lim,Selangor,Perak,Economy,Small,0.76,15,18,5,8
JEN1000000944MY,21-Jul-26,Aina,Selangor,Pahang,Economy,Small,1.96,24,15,10,8
JEN1000000945MY,21-Jul-26,Zana,Penang,Kelantan,Economy,Small,1.56,25,13,6,8
JEN1000000946MY,21-Jul-26,Siti,Penang,Selangor,Economy,Small,1.61,25,17,9,8
JEN1000000947MY,21-Jul-26,Nurul,Johor,WPKL,Economy,Small,0.2,20,14,5,8
JEN1000000948MY,21-Jul-26,Zana,Perak,Sabah,Economy,Small,1.27,22,10,3,8
JEN1000000949MY,21-Jul-26,Ahmad,Pahang,Johor,Economy,Small,0.4,15,17,10,8
JEN1000000950MY,21-Jul-26,Nurul,Selangor,Penang,Economy,Small,1.47,24,19,7,8
JEN1000000951MY,21-Jul-26,Ahmad,Penang,Sabah,Economy,Small,0.54,16,15,5,8
JEN1000000952MY,21-Jul-26,Lee,Penang,Sarawak,Economy,Small,1.75,21,13,3,8
JEN1000000953MY,21-Jul-26,Siti,Kelantan,WPKL,Economy,Small,1.79,17,13,9,8
JEN1000000954MY,21-Jul-26,Tan,Sarawak,Sabah,Economy,Small,0.36,18,20,7,8
JEN1000000955MY,21-Jul-26,Siti,Penang,Sabah,Economy,Small,0.34,24,10,6,8
JEN1000000956MY,21-Jul-26,Tan,Selangor,Kelantan,Economy,Small,0.97,17,15,5,8
JEN1000000957MY,21-Jul-26,Nurul,Johor,Johor,Economy,Small,1.2,23,13,3,8
JEN1000000958MY,21-Jul-26,Lee,Pahang,Kelantan,Economy,Small,1.74,18,19,9,8
JEN1000000959MY,21-Jul-26,Nurul,Perak,WPKL,Economy,Small,1.49,18,13,7,8
JEN1000000960MY,21-Jul-26,Zana,Penang,Johor,Economy,Small,1.84,15,16,2,8
JEN1000000961MY,21-Jul-26,Ahmad,Kelantan,Pahang,Economy,Small,0.16,23,16,9,8
JEN1000000962MY,21-Jul-26,Lim,Kelantan,Kelantan,Economy,Small,0.56,23,10,8,8
JEN1000000963MY,21-Jul-26,Lee,Johor,Sabah,Economy,Small,0.66,25,11,2,8
JEN1000000964MY,21-Jul-26,Lee,Perak,Johor,Economy,Small,1.44,24,19,2,8
JEN1000000965MY,21-Jul-26,Lee,Kelantan,Johor,Economy,Small,1.76,21,12,7,8
JEN1000000966MY,21-Jul-26,Tan,WPKL,Selangor,Economy,Small,0.83,20,18,2,8
JEN1000000967MY,21-Jul-26,Ahmad,Sarawak,Perak,Economy,Small,1.43,24,18,5,8
JEN1000000968MY,21-Jul-26,Ahmad,Sabah,WPKL,Economy,Small,1.08,25,15,2,8
JEN1000000969MY,21-Jul-26,Siti,Sarawak,Sabah,Economy,Small,0.98,15,15,7,8
JEN1000000970MY,21-Jul-26,Lim,Pahang,Selangor,Economy,Small,1.17,18,12,7,8
JEN1000000971MY,21-Jul-26,Raj,Pahang,Selangor,Economy,Small,1.33,24,13,5,8
JEN1000000972MY,21-Jul-26,Ahmad,Sabah,Perak,Economy,Small,1.06,21,14,2,8
JEN1000000973MY,21-Jul-26,Lee,Sabah,Sabah,Economy,Small,0.96,23,18,3,8
JEN1000000974MY,21-Jul-26,Ahmad,Pahang,Pahang,Economy,Small,1.81,22,19,7,8
JEN1000000975MY,21-Jul-26,Ahmad,Penang,Kelantan,Economy,Small,0.27,21,12,6,8
JEN1000000976MY,21-Jul-26,Lim,Selangor,Johor,Economy,Small,0.62,17,17,4,8
JEN1000000977MY,21-Jul-26,Lee,Pahang,WPKL,Economy,Small,0.66,25,18,4,8
JEN1000000978MY,21-Jul-26,Lim,Sabah,Sarawak,Economy,Small,0.94,25,10,6,8
JEN1000000979MY,21-Jul-26,Nurul,Selangor,WPKL,Economy,Small,1.76,18,18,7,8
JEN1000000980MY,21-Jul-26,Lee,Sabah,Sabah,Economy,Small,1.02,25,18,10,8
JEN1000000981MY,21-Jul-26,Lim,Kelantan,Perak,Economy,Small,1.18,19,12,6,8
JEN1000000982MY,21-Jul-26,Tan,Kelantan,Sabah,Economy,Small,1.94,15,12,7,8
JEN1000000983MY,21-Jul-26,Siti,Kelantan,Johor,Economy,Small,1.28,17,18,6,8
JEN1000000984MY,21-Jul-26,Hafiz,Johor,Johor,Economy,Small,0.41,16,10,7,8
JEN1000000985MY,21-Jul-26,Zana,Johor,Kelantan,Economy,Small,0.59,17,13,10,8
JEN1000000986MY,21-Jul-26,Aina,Sabah,Sabah,Economy,Small,0.38,22,18,4,8
JEN1000000987MY,21-Jul-26,Lee,Perak,Selangor,Economy,Small,1.85,21,17,4,8
JEN1000000988MY,21-Jul-26,Tan,Sabah,Johor,Economy,Small,0.11,23,18,7,8
JEN1000000989MY,21-Jul-26,Hafiz,Kelantan,Perak,Economy,Small,1.94,24,20,4,8
JEN1000000990MY,21-Jul-26,Aina,Kelantan,Sabah,Economy,Small,1.41,22,10,4,8
JEN1000000991MY,21-Jul-26,Raj,Selangor,Perak,Economy,Small,0.15,24,13,9,8
JEN1000000992MY,21-Jul-26,Lim,Selangor,Sabah,Economy,Small,0.2,25,13,10,8
JEN1000000993MY,21-Jul-26,Aina,Perak,Penang,Economy,Small,0.14,23,17,3,8
JEN1000000994MY,21-Jul-26,Zana,Sarawak,Penang,Economy,Small,1.03,24,19,10,8
JEN1000000995MY,21-Jul-26,Raj,Sabah,Sarawak,Economy,Small,0.38,21,15,8,8
JEN1000000996MY,21-Jul-26,Ahmad,WPKL,Perak,Economy,Small,0.76,19,17,10,8
JEN1000000997MY,21-Jul-26,Siti,Penang,Kelantan,Economy,Small,1.51,21,17,6,8
JEN1000000998MY,21-Jul-26,Siti,Sarawak,Sarawak,Economy,Small,0.37,24,19,3,8
JEN1000000999MY,21-Jul-26,Hafiz,Penang,Perak,Economy,Small,1,23,15,3,8
JEN1000001000MY,21-Jul-26,Siti,Sarawak,Selangor,Economy,Small,0.11,25,14,8,8
