Vehicle ID,Vehicle Type,Category,Fuel Type,Max Weight (kg),Max Volume (m³),Max Parcels,Avg Speed (km/h),State,Region Availability,Average Parcel Per Item,Status
MC001,Motorcycle,Road,Petrol,30,0.15,60,60,Perlis,Peninsular,0.5,Active
MC002,Motorcycle,Road,Petrol,30,0.15,60,60,Perlis,Peninsular,0.5,Active
MC003,Motorcycle,Road,Petrol,30,0.15,60,60,Perlis,Peninsular,0.5,Active
MC004,Motorcycle,Road,Petrol,30,0.15,60,60,Perlis,Peninsular,0.5,Active
MC005,Motorcycle,Road,Petrol,30,0.15,60,60,Perlis,Peninsular,0.5,Active
MC006,Motorcycle,Road,Petrol,30,0.15,60,60,Kedah,Peninsular,0.5,Active
MC007,Motorcycle,Road,Petrol,30,0.15,60,60,Kedah,Peninsular,0.5,Active
MC008,Motorcycle,Road,Petrol,30,0.15,60,60,Kedah,Peninsular,0.5,Active
MC009,Motorcycle,Road,Petrol,30,0.15,60,60,Kedah,Peninsular,0.5,Active
MC010,Motorcycle,Road,Petrol,30,0.15,60,60,Kedah,Peninsular,0.5,Active
MC011,Motorcycle,Road,Petrol,30,0.15,60,60,Kedah,Peninsular,0.5,Active
MC012,Motorcycle,Road,Petrol,30,0.15,60,60,Kedah,Peninsular,0.5,Active
MC013,Motorcycle,Road,Petrol,30,0.15,60,60,Kedah,Peninsular,0.5,Active
MC014,Motorcycle,Road,Petrol,30,0.15,60,60,Kedah,Peninsular,0.5,Active
MC015,Motorcycle,Road,Petrol,30,0.15,60,60,Kedah,Peninsular,0.5,Active
MC016,Motorcycle,Road,Petrol,30,0.15,60,60,Kedah,Peninsular,0.5,Active
MC017,Motorcycle,Road,Petrol,30,0.15,60,60,Kedah,Peninsular,0.5,Active
MC018,Motorcycle,Road,Petrol,30,0.15,60,60,Kedah,Peninsular,0.5,Active
MC019,Motorcycle,Road,Petrol,30,0.15,60,60,Kedah,Peninsular,0.5,Active
MC020,Motorcycle,Road,Petrol,30,0.15,60,60,Kedah,Peninsular,0.5,Active
MC021,Motorcycle,Road,Petrol,30,0.15,60,60,Kedah,Peninsular,0.5,Active
MC022,Motorcycle,Road,Petrol,30,0.15,60,60,Kedah,Peninsular,0.5,Active
MC023,Motorcycle,Road,Petrol,30,0.15,60,60,Kedah,Peninsular,0.5,Active
MC024,Motorcycle,Road,Petrol,30,0.15,60,60,Kedah,Peninsular,0.5,Active
MC025,Motorcycle,Road,Petrol,30,0.15,60,60,Kedah,Peninsular,0.5,Active
MC026,Motorcycle,Road,Petrol,30,0.15,60,60,Pulau Pinang,Peninsular,0.5,Active
MC027,Motorcycle,Road,Petrol,30,0.15,60,60,Pulau Pinang,Peninsular,0.5,Active
MC028,Motorcycle,Road,Petrol,30,0.15,60,60,Pulau Pinang,Peninsular,0.5,Active
MC029,Motorcycle,Road,Petrol,30,0.15,60,60,Pulau Pinang,Peninsular,0.5,Active
MC030,Motorcycle,Road,Petrol,30,0.15,60,60,Pulau Pinang,Peninsular,0.5,Active
MC031,Motorcycle,Road,Petrol,30,0.15,60,60,Pulau Pinang,Peninsular,0.5,Active
MC032,Motorcycle,Road,Petrol,30,0.15,60,60,Pulau Pinang,Peninsular,0.5,Active
MC033,Motorcycle,Road,Petrol,30,0.15,60,60,Pulau Pinang,Peninsular,0.5,Active
MC034,Motorcycle,Road,Petrol,30,0.15,60,60,Pulau Pinang,Peninsular,0.5,Active
MC035,Motorcycle,Road,Petrol,30,0.15,60,60,Pulau Pinang,Peninsular,0.5,Active
MC036,Motorcycle,Road,Petrol,30,0.15,60,60,Pulau Pinang,Peninsular,0.5,Active
MC037,Motorcycle,Road,Petrol,30,0.15,60,60,Pulau Pinang,Peninsular,0.5,Active
MC038,Motorcycle,Road,Petrol,30,0.15,60,60,Pulau Pinang,Peninsular,0.5,Active
MC039,Motorcycle,Road,Petrol,30,0.15,60,60,Pulau Pinang,Peninsular,0.5,Active
MC040,Motorcycle,Road,Petrol,30,0.15,60,60,Pulau Pinang,Peninsular,0.5,Active
MC041,Motorcycle,Road,Petrol,30,0.15,60,60,Pulau Pinang,Peninsular,0.5,Active
MC042,Motorcycle,Road,Petrol,30,0.15,60,60,Pulau Pinang,Peninsular,0.5,Active
MC043,Motorcycle,Road,Petrol,30,0.15,60,60,Pulau Pinang,Peninsular,0.5,Active
MC044,Motorcycle,Road,Petrol,30,0.15,60,60,Pulau Pinang,Peninsular,0.5,Active
MC045,Motorcycle,Road,Petrol,30,0.15,60,60,Pulau Pinang,Peninsular,0.5,Active
MC046,Motorcycle,Road,Petrol,30,0.15,60,60,Perak,Peninsular,0.5,Active
MC047,Motorcycle,Road,Petrol,30,0.15,60,60,Perak,Peninsular,0.5,Active
MC048,Motorcycle,Road,Petrol,30,0.15,60,60,Perak,Peninsular,0.5,Active
MC049,Motorcycle,Road,Petrol,30,0.15,60,60,Perak,Peninsular,0.5,Active
MC050,Motorcycle,Road,Petrol,30,0.15,60,60,Perak,Peninsular,0.5,Active
MC051,Motorcycle,Road,Petrol,30,0.15,60,60,Perak,Peninsular,0.5,Active
MC052,Motorcycle,Road,Petrol,30,0.15,60,60,Perak,Peninsular,0.5,Active
MC053,Motorcycle,Road,Petrol,30,0.15,60,60,Perak,Peninsular,0.5,Active
MC054,Motorcycle,Road,Petrol,30,0.15,60,60,Perak,Peninsular,0.5,Active
MC055,Motorcycle,Road,Petrol,30,0.15,60,60,Perak,Peninsular,0.5,Active
MC056,Motorcycle,Road,Petrol,30,0.15,60,60,Perak,Peninsular,0.5,Active
MC057,Motorcycle,Road,Petrol,30,0.15,60,60,Perak,Peninsular,0.5,Active
MC058,Motorcycle,Road,Petrol,30,0.15,60,60,Perak,Peninsular,0.5,Active
MC059,Motorcycle,Road,Petrol,30,0.15,60,60,Perak,Peninsular,0.5,Active
MC060,Motorcycle,Road,Petrol,30,0.15,60,60,Perak,Peninsular,0.5,Active
MC061,Motorcycle,Road,Petrol,30,0.15,60,60,Perak,Peninsular,0.5,Active
MC062,Motorcycle,Road,Petrol,30,0.15,60,60,Perak,Peninsular,0.5,Active
MC063,Motorcycle,Road,Petrol,30,0.15,60,60,Perak,Peninsular,0.5,Active
MC064,Motorcycle,Road,Petrol,30,0.15,60,60,Perak,Peninsular,0.5,Active
MC065,Motorcycle,Road,Petrol,30,0.15,60,60,Perak,Peninsular,0.5,Active
MC066,Motorcycle,Road,Petrol,30,0.15,60,60,Selangor,Peninsular,0.5,Active
MC067,Motorcycle,Road,Petrol,30,0.15,60,60,Selangor,Peninsular,0.5,Active
MC068,Motorcycle,Road,Petrol,30,0.15,60,60,Selangor,Peninsular,0.5,Active
MC069,Motorcycle,Road,Petrol,30,0.15,60,60,Selangor,Peninsular,0.5,Active
MC070,Motorcycle,Road,Petrol,30,0.15,60,60,Selangor,Peninsular,0.5,Active
MC071,Motorcycle,Road,Petrol,30,0.15,60,60,Selangor,Peninsular,0.5,Active
MC072,Motorcycle,Road,Petrol,30,0.15,60,60,Selangor,Peninsular,0.5,Active
MC073,Motorcycle,Road,Petrol,30,0.15,60,60,Selangor,Peninsular,0.5,Active
MC074,Motorcycle,Road,Petrol,30,0.15,60,60,Selangor,Peninsular,0.5,Active
MC075,Motorcycle,Road,Petrol,30,0.15,60,60,Selangor,Peninsular,0.5,Active
MC076,Motorcycle,Road,Petrol,30,0.15,60,60,Selangor,Peninsular,0.5,Active
MC077,Motorcycle,Road,Petrol,30,0.15,60,60,Selangor,Peninsular,0.5,Active
MC078,Motorcycle,Road,Petrol,30,0.15,60,60,Selangor,Peninsular,0.5,Active
MC079,Motorcycle,Road,Petrol,30,0.15,60,60,Selangor,Peninsular,0.5,Active
MC080,Motorcycle,Road,Petrol,30,0.15,60,60,Selangor,Peninsular,0.5,Active
MC081,Motorcycle,Road,Petrol,30,0.15,60,60,Selangor,Peninsular,0.5,Active
MC082,Motorcycle,Road,Petrol,30,0.15,60,60,Selangor,Peninsular,0.5,Active
MC083,Motorcycle,Road,Petrol,30,0.15,60,60,Selangor,Peninsular,0.5,Active
MC084,Motorcycle,Road,Petrol,30,0.15,60,60,Selangor,Peninsular,0.5,Active
MC085,Motorcycle,Road,Petrol,30,0.15,60,60,Selangor,Peninsular,0.5,Active
MC086,Motorcycle,Road,Petrol,30,0.15,60,60,WPKL,Peninsular,0.5,Active
MC087,Motorcycle,Road,Petrol,30,0.15,60,60,WPKL,Peninsular,0.5,Active
MC088,Motorcycle,Road,Petrol,30,0.15,60,60,WPKL,Peninsular,0.5,Active
MC089,Motorcycle,Road,Petrol,30,0.15,60,60,WPKL,Peninsular,0.5,Active
MC090,Motorcycle,Road,Petrol,30,0.15,60,60,WPKL,Peninsular,0.5,Active
MC091,Motorcycle,Road,Petrol,30,0.15,60,60,WPKL,Peninsular,0.5,Active
MC092,Motorcycle,Road,Petrol,30,0.15,60,60,WPKL,Peninsular,0.5,Active
MC093,Motorcycle,Road,Petrol,30,0.15,60,60,WPKL,Peninsular,0.5,Active
MC094,Motorcycle,Road,Petrol,30,0.15,60,60,WPKL,Peninsular,0.5,Active
MC095,Motorcycle,Road,Petrol,30,0.15,60,60,WPKL,Peninsular,0.5,Active
MC096,Motorcycle,Road,Petrol,30,0.15,60,60,WPKL,Peninsular,0.5,Active
MC097,Motorcycle,Road,Petrol,30,0.15,60,60,WPKL,Peninsular,0.5,Active
MC098,Motorcycle,Road,Petrol,30,0.15,60,60,WPKL,Peninsular,0.5,Active
MC099,Motorcycle,Road,Petrol,30,0.15,60,60,WPKL,Peninsular,0.5,Active
MC100,Motorcycle,Road,Petrol,30,0.15,60,60,WPKL,Peninsular,0.5,Active
MC101,Motorcycle,Road,Petrol,30,0.15,60,60,WPKL,Peninsular,0.5,Active
MC102,Motorcycle,Road,Petrol,30,0.15,60,60,WPKL,Peninsular,0.5,Active
MC103,Motorcycle,Road,Petrol,30,0.15,60,60,WPKL,Peninsular,0.5,Active
MC104,Motorcycle,Road,Petrol,30,0.15,60,60,WPKL,Peninsular,0.5,Active
MC105,Motorcycle,Road,Petrol,30,0.15,60,60,WPKL,Peninsular,0.5,Active
MC106,Motorcycle,Road,Petrol,30,0.15,60,60,Negeri Sembilan,Peninsular,0.5,Active
MC107,Motorcycle,Road,Petrol,30,0.15,60,60,Negeri Sembilan,Peninsular,0.5,Active
MC108,Motorcycle,Road,Petrol,30,0.15,60,60,Negeri Sembilan,Peninsular,0.5,Active
MC109,Motorcycle,Road,Petrol,30,0.15,60,60,Negeri Sembilan,Peninsular,0.5,Active
MC110,Motorcycle,Road,Petrol,30,0.15,60,60,Negeri Sembilan,Peninsular,0.5,Active
MC111,Motorcycle,Road,Petrol,30,0.15,60,60,Negeri Sembilan,Peninsular,0.5,Active
MC112,Motorcycle,Road,Petrol,30,0.15,60,60,Negeri Sembilan,Peninsular,0.5,Active
MC113,Motorcycle,Road,Petrol,30,0.15,60,60,Negeri Sembilan,Peninsular,0.5,Active
MC114,Motorcycle,Road,Petrol,30,0.15,60,60,Negeri Sembilan,Peninsular,0.5,Active
MC115,Motorcycle,Road,Petrol,30,0.15,60,60,Negeri Sembilan,Peninsular,0.5,Active
MC116,Motorcycle,Road,Petrol,30,0.15,60,60,Negeri Sembilan,Peninsular,0.5,Active
MC117,Motorcycle,Road,Petrol,30,0.15,60,60,Negeri Sembilan,Peninsular,0.5,Active
MC118,Motorcycle,Road,Petrol,30,0.15,60,60,Negeri Sembilan,Peninsular,0.5,Active
MC119,Motorcycle,Road,Petrol,30,0.15,60,60,Negeri Sembilan,Peninsular,0.5,Active
MC120,Motorcycle,Road,Petrol,30,0.15,60,60,Negeri Sembilan,Peninsular,0.5,Active
MC121,Motorcycle,Road,Petrol,30,0.15,60,60,Negeri Sembilan,Peninsular,0.5,Active
MC122,Motorcycle,Road,Petrol,30,0.15,60,60,Negeri Sembilan,Peninsular,0.5,Active
MC123,Motorcycle,Road,Petrol,30,0.15,60,60,Negeri Sembilan,Peninsular,0.5,Active
MC124,Motorcycle,Road,Petrol,30,0.15,60,60,Negeri Sembilan,Peninsular,0.5,Active
MC125,Motorcycle,Road,Petrol,30,0.15,60,60,Negeri Sembilan,Peninsular,0.5,Active
MC126,Motorcycle,Road,Petrol,30,0.15,60,60,Melaka,Peninsular,0.5,Active
MC127,Motorcycle,Road,Petrol,30,0.15,60,60,Melaka,Peninsular,0.5,Active
MC128,Motorcycle,Road,Petrol,30,0.15,60,60,Melaka,Peninsular,0.5,Active
MC129,Motorcycle,Road,Petrol,30,0.15,60,60,Melaka,Peninsular,0.5,Active
MC130,Motorcycle,Road,Petrol,30,0.15,60,60,Melaka,Peninsular,0.5,Active
MC131,Motorcycle,Road,Petrol,30,0.15,60,60,Melaka,Peninsular,0.5,Active
MC132,Motorcycle,Road,Petrol,30,0.15,60,60,Melaka,Peninsular,0.5,Active
MC133,Motorcycle,Road,Petrol,30,0.15,60,60,Melaka,Peninsular,0.5,Active
MC134,Motorcycle,Road,Petrol,30,0.15,60,60,Melaka,Peninsular,0.5,Active
MC135,Motorcycle,Road,Petrol,30,0.15,60,60,Melaka,Peninsular,0.5,Active
MC136,Motorcycle,Road,Petrol,30,0.15,60,60,Melaka,Peninsular,0.5,Active
MC137,Motorcycle,Road,Petrol,30,0.15,60,60,Melaka,Peninsular,0.5,Active
MC138,Motorcycle,Road,Petrol,30,0.15,60,60,Melaka,Peninsular,0.5,Active
MC139,Motorcycle,Road,Petrol,30,0.15,60,60,Melaka,Peninsular,0.5,Active
MC140,Motorcycle,Road,Petrol,30,0.15,60,60,Melaka,Peninsular,0.5,Active
MC141,Motorcycle,Road,Petrol,30,0.15,60,60,Melaka,Peninsular,0.5,Active
MC142,Motorcycle,Road,Petrol,30,0.15,60,60,Melaka,Peninsular,0.5,Active
MC143,Motorcycle,Road,Petrol,30,0.15,60,60,Melaka,Peninsular,0.5,Active
MC144,Motorcycle,Road,Petrol,30,0.15,60,60,Melaka,Peninsular,0.5,Active
MC145,Motorcycle,Road,Petrol,30,0.15,60,60,Melaka,Peninsular,0.5,Active
MC146,Motorcycle,Road,Petrol,30,0.15,60,60,Johor,Peninsular,0.5,Active
MC147,Motorcycle,Road,Petrol,30,0.15,60,60,Johor,Peninsular,0.5,Active
MC148,Motorcycle,Road,Petrol,30,0.15,60,60,Johor,Peninsular,0.5,Active
MC149,Motorcycle,Road,Petrol,30,0.15,60,60,Johor,Peninsular,0.5,Active
MC150,Motorcycle,Road,Petrol,30,0.15,60,60,Johor,Peninsular,0.5,Active
MC151,Motorcycle,Road,Petrol,30,0.15,60,60,Johor,Peninsular,0.5,Active
MC152,Motorcycle,Road,Petrol,30,0.15,60,60,Johor,Peninsular,0.5,Active
MC153,Motorcycle,Road,Petrol,30,0.15,60,60,Johor,Peninsular,0.5,Active
MC154,Motorcycle,Road,Petrol,30,0.15,60,60,Johor,Peninsular,0.5,Active
MC155,Motorcycle,Road,Petrol,30,0.15,60,60,Johor,Peninsular,0.5,Active
MC156,Motorcycle,Road,Petrol,30,0.15,60,60,Johor,Peninsular,0.5,Active
MC157,Motorcycle,Road,Petrol,30,0.15,60,60,Johor,Peninsular,0.5,Active
MC158,Motorcycle,Road,Petrol,30,0.15,60,60,Johor,Peninsular,0.5,Active
MC159,Motorcycle,Road,Petrol,30,0.15,60,60,Johor,Peninsular,0.5,Active
MC160,Motorcycle,Road,Petrol,30,0.15,60,60,Johor,Peninsular,0.5,Active
MC161,Motorcycle,Road,Petrol,30,0.15,60,60,Johor,Peninsular,0.5,Active
MC162,Motorcycle,Road,Petrol,30,0.15,60,60,Johor,Peninsular,0.5,Active
MC163,Motorcycle,Road,Petrol,30,0.15,60,60,Johor,Peninsular,0.5,Active
MC164,Motorcycle,Road,Petrol,30,0.15,60,60,Johor,Peninsular,0.5,Active
MC165,Motorcycle,Road,Petrol,30,0.15,60,60,Johor,Peninsular,0.5,Active
MC166,Motorcycle,Road,Petrol,30,0.15,60,60,Pahang,Peninsular,0.5,Active
MC167,Motorcycle,Road,Petrol,30,0.15,60,60,Pahang,Peninsular,0.5,Active
MC168,Motorcycle,Road,Petrol,30,0.15,60,60,Pahang,Peninsular,0.5,Active
MC169,Motorcycle,Road,Petrol,30,0.15,60,60,Pahang,Peninsular,0.5,Active
MC170,Motorcycle,Road,Petrol,30,0.15,60,60,Pahang,Peninsular,0.5,Active
MC171,Motorcycle,Road,Petrol,30,0.15,60,60,Pahang,Peninsular,0.5,Active
MC172,Motorcycle,Road,Petrol,30,0.15,60,60,Pahang,Peninsular,0.5,Active
MC173,Motorcycle,Road,Petrol,30,0.15,60,60,Pahang,Peninsular,0.5,Active
MC174,Motorcycle,Road,Petrol,30,0.15,60,60,Pahang,Peninsular,0.5,Active
MC175,Motorcycle,Road,Petrol,30,0.15,60,60,Pahang,Peninsular,0.5,Active
MC176,Motorcycle,Road,Petrol,30,0.15,60,60,Pahang,Peninsular,0.5,Active
MC177,Motorcycle,Road,Petrol,30,0.15,60,60,Pahang,Peninsular,0.5,Active
MC178,Motorcycle,Road,Petrol,30,0.15,60,60,Pahang,Peninsular,0.5,Active
MC179,Motorcycle,Road,Petrol,30,0.15,60,60,Pahang,Peninsular,0.5,Active
MC180,Motorcycle,Road,Petrol,30,0.15,60,60,Pahang,Peninsular,0.5,Active
MC181,Motorcycle,Road,Petrol,30,0.15,60,60,Pahang,Peninsular,0.5,Active
MC182,Motorcycle,Road,Petrol,30,0.15,60,60,Pahang,Peninsular,0.5,Active
MC183,Motorcycle,Road,Petrol,30,0.15,60,60,Pahang,Peninsular,0.5,Active
MC184,Motorcycle,Road,Petrol,30,0.15,60,60,Pahang,Peninsular,0.5,Active
MC185,Motorcycle,Road,Petrol,30,0.15,60,60,Pahang,Peninsular,0.5,Active
MC186,Motorcycle,Road,Petrol,30,0.15,60,60,Terengganu,Peninsular,0.5,Active
MC187,Motorcycle,Road,Petrol,30,0.15,60,60,Terengganu,Peninsular,0.5,Active
MC188,Motorcycle,Road,Petrol,30,0.15,60,60,Terengganu,Peninsular,0.5,Active
MC189,Motorcycle,Road,Petrol,30,0.15,60,60,Terengganu,Peninsular,0.5,Active
MC190,Motorcycle,Road,Petrol,30,0.15,60,60,Terengganu,Peninsular,0.5,Active
MC191,Motorcycle,Road,Petrol,30,0.15,60,60,Terengganu,Peninsular,0.5,Active
MC192,Motorcycle,Road,Petrol,30,0.15,60,60,Terengganu,Peninsular,0.5,Active
MC193,Motorcycle,Road,Petrol,30,0.15,60,60,Terengganu,Peninsular,0.5,Active
MC194,Motorcycle,Road,Petrol,30,0.15,60,60,Terengganu,Peninsular,0.5,Active
MC195,Motorcycle,Road,Petrol,30,0.15,60,60,Terengganu,Peninsular,0.5,Active
MC196,Motorcycle,Road,Petrol,30,0.15,60,60,Terengganu,Peninsular,0.5,Active
MC197,Motorcycle,Road,Petrol,30,0.15,60,60,Terengganu,Peninsular,0.5,Active
MC198,Motorcycle,Road,Petrol,30,0.15,60,60,Terengganu,Peninsular,0.5,Active
MC199,Motorcycle,Road,Petrol,30,0.15,60,60,Terengganu,Peninsular,0.5,Active
MC200,Motorcycle,Road,Petrol,30,0.15,60,60,Terengganu,Peninsular,0.5,Active
MC201,Motorcycle,Road,Petrol,30,0.15,60,60,Terengganu,Peninsular,0.5,Active
MC202,Motorcycle,Road,Petrol,30,0.15,60,60,Terengganu,Peninsular,0.5,Active
MC203,Motorcycle,Road,Petrol,30,0.15,60,60,Terengganu,Peninsular,0.5,Active
MC204,Motorcycle,Road,Petrol,30,0.15,60,60,Terengganu,Peninsular,0.5,Active
MC205,Motorcycle,Road,Petrol,30,0.15,60,60,Terengganu,Peninsular,0.5,Active
MC206,Motorcycle,Road,Petrol,30,0.15,60,60,Kelantan,Peninsular,0.5,Active
MC207,Motorcycle,Road,Petrol,30,0.15,60,60,Kelantan,Peninsular,0.5,Active
MC208,Motorcycle,Road,Petrol,30,0.15,60,60,Kelantan,Peninsular,0.5,Active
MC209,Motorcycle,Road,Petrol,30,0.15,60,60,Kelantan,Peninsular,0.5,Active
MC210,Motorcycle,Road,Petrol,30,0.15,60,60,Kelantan,Peninsular,0.5,Active
MC211,Motorcycle,Road,Petrol,30,0.15,60,60,Kelantan,Peninsular,0.5,Active
MC212,Motorcycle,Road,Petrol,30,0.15,60,60,Kelantan,Peninsular,0.5,Active
MC213,Motorcycle,Road,Petrol,30,0.15,60,60,Kelantan,Peninsular,0.5,Active
MC214,Motorcycle,Road,Petrol,30,0.15,60,60,Kelantan,Peninsular,0.5,Active
MC215,Motorcycle,Road,Petrol,30,0.15,60,60,Kelantan,Peninsular,0.5,Active
MC216,Motorcycle,Road,Petrol,30,0.15,60,60,Kelantan,Peninsular,0.5,Active
MC217,Motorcycle,Road,Petrol,30,0.15,60,60,Kelantan,Peninsular,0.5,Active
MC218,Motorcycle,Road,Petrol,30,0.15,60,60,Kelantan,Peninsular,0.5,Active
MC219,Motorcycle,Road,Petrol,30,0.15,60,60,Kelantan,Peninsular,0.5,Active
MC220,Motorcycle,Road,Petrol,30,0.15,60,60,Kelantan,Peninsular,0.5,Active
MC221,Motorcycle,Road,Petrol,30,0.15,60,60,Kelantan,Peninsular,0.5,Active
MC222,Motorcycle,Road,Petrol,30,0.15,60,60,Kelantan,Peninsular,0.5,Active
MC223,Motorcycle,Road,Petrol,30,0.15,60,60,Kelantan,Peninsular,0.5,Active
MC224,Motorcycle,Road,Petrol,30,0.15,60,60,Kelantan,Peninsular,0.5,Active
MC225,Motorcycle,Road,Petrol,30,0.15,60,60,Kelantan,Peninsular,0.5,Active
MC226,Motorcycle,Road,Petrol,30,0.15,60,60,Sabah,Sabah,0.5,Active
MC227,Motorcycle,Road,Petrol,30,0.15,60,60,Sabah,Sabah,0.5,Active
MC228,Motorcycle,Road,Petrol,30,0.15,60,60,Sabah,Sabah,0.5,Active
MC229,Motorcycle,Road,Petrol,30,0.15,60,60,Sabah,Sabah,0.5,Active
MC230,Motorcycle,Road,Petrol,30,0.15,60,60,Sabah,Sabah,0.5,Active
MC231,Motorcycle,Road,Petrol,30,0.15,60,60,Sabah,Sabah,0.5,Active
MC232,Motorcycle,Road,Petrol,30,0.15,60,60,Sabah,Sabah,0.5,Active
MC233,Motorcycle,Road,Petrol,30,0.15,60,60,Sabah,Sabah,0.5,Active
MC234,Motorcycle,Road,Petrol,30,0.15,60,60,Sabah,Sabah,0.5,Active
MC235,Motorcycle,Road,Petrol,30,0.15,60,60,Sabah,Sabah,0.5,Active
MC236,Motorcycle,Road,Petrol,30,0.15,60,60,Sabah,Sabah,0.5,Active
MC237,Motorcycle,Road,Petrol,30,0.15,60,60,Sabah,Sabah,0.5,Active
MC238,Motorcycle,Road,Petrol,30,0.15,60,60,Sabah,Sabah,0.5,Active
MC239,Motorcycle,Road,Petrol,30,0.15,60,60,Sabah,Sabah,0.5,Active
MC240,Motorcycle,Road,Petrol,30,0.15,60,60,Sabah,Sabah,0.5,Active
MC241,Motorcycle,Road,Petrol,30,0.15,60,60,Sabah,Sabah,0.5,Active
MC242,Motorcycle,Road,Petrol,30,0.15,60,60,Sabah,Sabah,0.5,Active
MC243,Motorcycle,Road,Petrol,30,0.15,60,60,Sabah,Sabah,0.5,Active
MC244,Motorcycle,Road,Petrol,30,0.15,60,60,Sabah,Sabah,0.5,Active
MC245,Motorcycle,Road,Petrol,30,0.15,60,60,Sabah,Sabah,0.5,Active
MC246,Motorcycle,Road,Petrol,30,0.15,60,60,Sarawak,Sarawak,0.5,Active
MC247,Motorcycle,Road,Petrol,30,0.15,60,60,Sarawak,Sarawak,0.5,Active
MC248,Motorcycle,Road,Petrol,30,0.15,60,60,Sarawak,Sarawak,0.5,Active
MC249,Motorcycle,Road,Petrol,30,0.15,60,60,Sarawak,Sarawak,0.5,Active
MC250,Motorcycle,Road,Petrol,30,0.15,60,60,Sarawak,Sarawak,0.5,Active
MC251,Motorcycle,Road,Petrol,30,0.15,60,60,Sarawak,Sarawak,0.5,Active
MC252,Motorcycle,Road,Petrol,30,0.15,60,60,Sarawak,Sarawak,0.5,Active
MC253,Motorcycle,Road,Petrol,30,0.15,60,60,Sarawak,Sarawak,0.5,Active
MC254,Motorcycle,Road,Petrol,30,0.15,60,60,Sarawak,Sarawak,0.5,Active
MC255,Motorcycle,Road,Petrol,30,0.15,60,60,Sarawak,Sarawak,0.5,Active
MC256,Motorcycle,Road,Petrol,30,0.15,60,60,Sarawak,Sarawak,0.5,Active
MC257,Motorcycle,Road,Petrol,30,0.15,60,60,Sarawak,Sarawak,0.5,Active
MC258,Motorcycle,Road,Petrol,30,0.15,60,60,Sarawak,Sarawak,0.5,Active
MC259,Motorcycle,Road,Petrol,30,0.15,60,60,Sarawak,Sarawak,0.5,Active
MC260,Motorcycle,Road,Petrol,30,0.15,60,60,Sarawak,Sarawak,0.5,Active
MC261,Motorcycle,Road,Petrol,30,0.15,60,60,Sarawak,Sarawak,0.5,Active
MC262,Motorcycle,Road,Petrol,30,0.15,60,60,Sarawak,Sarawak,0.5,Active
MC263,Motorcycle,Road,Petrol,30,0.15,60,60,Sarawak,Sarawak,0.5,Active
MC264,Motorcycle,Road,Petrol,30,0.15,60,60,Sarawak,Sarawak,0.5,Active
MC265,Motorcycle,Road,Petrol,30,0.15,60,60,Sarawak,Sarawak,0.5,Active
VAN001,Van,Road,Diesel,"1,000",5,200,70,Perlis,Peninsular,5,Active
VAN002,Van,Road,Diesel,"1,000",5,200,70,Perlis,Peninsular,5,Active
VAN003,Van,Road,Diesel,"1,000",5,200,70,Perlis,Peninsular,5,Active
VAN004,Van,Road,Diesel,"1,000",5,200,70,Perlis,Peninsular,5,Active
VAN005,Van,Road,Diesel,"1,000",5,200,70,Perlis,Peninsular,5,Active
VAN006,Van,Road,Diesel,"1,000",5,200,70,Kedah,Peninsular,5,Active
VAN007,Van,Road,Diesel,"1,000",5,200,70,Kedah,Peninsular,5,Active
VAN008,Van,Road,Diesel,"1,000",5,200,70,Kedah,Peninsular,5,Active
VAN009,Van,Road,Diesel,"1,000",5,200,70,Kedah,Peninsular,5,Active
VAN010,Van,Road,Diesel,"1,000",5,200,70,Kedah,Peninsular,5,Active
VAN011,Van,Road,Diesel,"1,000",5,200,70,Kedah,Peninsular,5,Active
VAN012,Van,Road,Diesel,"1,000",5,200,70,Kedah,Peninsular,5,Active
VAN013,Van,Road,Diesel,"1,000",5,200,70,Kedah,Peninsular,5,Active
VAN014,Van,Road,Diesel,"1,000",5,200,70,Kedah,Peninsular,5,Active
VAN015,Van,Road,Diesel,"1,000",5,200,70,Kedah,Peninsular,5,Active
VAN016,Van,Road,Diesel,"1,000",5,200,70,Kedah,Peninsular,5,Active
VAN017,Van,Road,Diesel,"1,000",5,200,70,Kedah,Peninsular,5,Active
VAN018,Van,Road,Diesel,"1,000",5,200,70,Kedah,Peninsular,5,Active
VAN019,Van,Road,Diesel,"1,000",5,200,70,Kedah,Peninsular,5,Active
VAN020,Van,Road,Diesel,"1,000",5,200,70,Kedah,Peninsular,5,Active
VAN021,Van,Road,Diesel,"1,000",5,200,70,Pulau Pinang,Peninsular,5,Active
VAN022,Van,Road,Diesel,"1,000",5,200,70,Pulau Pinang,Peninsular,5,Active
VAN023,Van,Road,Diesel,"1,000",5,200,70,Pulau Pinang,Peninsular,5,Active
VAN024,Van,Road,Diesel,"1,000",5,200,70,Pulau Pinang,Peninsular,5,Active
VAN025,Van,Road,Diesel,"1,000",5,200,70,Pulau Pinang,Peninsular,5,Active
VAN026,Van,Road,Diesel,"1,000",5,200,70,Pulau Pinang,Peninsular,5,Active
VAN027,Van,Road,Diesel,"1,000",5,200,70,Pulau Pinang,Peninsular,5,Active
VAN028,Van,Road,Diesel,"1,000",5,200,70,Pulau Pinang,Peninsular,5,Active
VAN029,Van,Road,Diesel,"1,000",5,200,70,Pulau Pinang,Peninsular,5,Active
VAN030,Van,Road,Diesel,"1,000",5,200,70,Pulau Pinang,Peninsular,5,Active
VAN031,Van,Road,Diesel,"1,000",5,200,70,Pulau Pinang,Peninsular,5,Active
VAN032,Van,Road,Diesel,"1,000",5,200,70,Pulau Pinang,Peninsular,5,Active
VAN033,Van,Road,Diesel,"1,000",5,200,70,Pulau Pinang,Peninsular,5,Active
VAN034,Van,Road,Diesel,"1,000",5,200,70,Pulau Pinang,Peninsular,5,Active
VAN035,Van,Road,Diesel,"1,000",5,200,70,Pulau Pinang,Peninsular,5,Active
VAN036,Van,Road,Diesel,"1,000",5,200,70,Perak,Peninsular,5,Active
VAN037,Van,Road,Diesel,"1,000",5,200,70,Perak,Peninsular,5,Active
VAN038,Van,Road,Diesel,"1,000",5,200,70,Perak,Peninsular,5,Active
VAN039,Van,Road,Diesel,"1,000",5,200,70,Perak,Peninsular,5,Active
VAN040,Van,Road,Diesel,"1,000",5,200,70,Perak,Peninsular,5,Active
VAN041,Van,Road,Diesel,"1,000",5,200,70,Perak,Peninsular,5,Active
VAN042,Van,Road,Diesel,"1,000",5,200,70,Perak,Peninsular,5,Active
VAN043,Van,Road,Diesel,"1,000",5,200,70,Perak,Peninsular,5,Active
VAN044,Van,Road,Diesel,"1,000",5,200,70,Perak,Peninsular,5,Active
VAN045,Van,Road,Diesel,"1,000",5,200,70,Perak,Peninsular,5,Active
VAN046,Van,Road,Diesel,"1,000",5,200,70,Perak,Peninsular,5,Active
VAN047,Van,Road,Diesel,"1,000",5,200,70,Perak,Peninsular,5,Active
VAN048,Van,Road,Diesel,"1,000",5,200,70,Perak,Peninsular,5,Active
VAN049,Van,Road,Diesel,"1,000",5,200,70,Perak,Peninsular,5,Active
VAN050,Van,Road,Diesel,"1,000",5,200,70,Perak,Peninsular,5,Active
VAN051,Van,Road,Diesel,"1,000",5,200,70,Selangor,Peninsular,5,Active
VAN052,Van,Road,Diesel,"1,000",5,200,70,Selangor,Peninsular,5,Active
VAN053,Van,Road,Diesel,"1,000",5,200,70,Selangor,Peninsular,5,Active
VAN054,Van,Road,Diesel,"1,000",5,200,70,Selangor,Peninsular,5,Active
VAN055,Van,Road,Diesel,"1,000",5,200,70,Selangor,Peninsular,5,Active
VAN056,Van,Road,Diesel,"1,000",5,200,70,Selangor,Peninsular,5,Active
VAN057,Van,Road,Diesel,"1,000",5,200,70,Selangor,Peninsular,5,Active
VAN058,Van,Road,Diesel,"1,000",5,200,70,Selangor,Peninsular,5,Active
VAN059,Van,Road,Diesel,"1,000",5,200,70,Selangor,Peninsular,5,Active
VAN060,Van,Road,Diesel,"1,000",5,200,70,Selangor,Peninsular,5,Active
VAN061,Van,Road,Diesel,"1,000",5,200,70,Selangor,Peninsular,5,Active
VAN062,Van,Road,Diesel,"1,000",5,200,70,Selangor,Peninsular,5,Active
VAN063,Van,Road,Diesel,"1,000",5,200,70,Selangor,Peninsular,5,Active
VAN064,Van,Road,Diesel,"1,000",5,200,70,Selangor,Peninsular,5,Active
VAN065,Van,Road,Diesel,"1,000",5,200,70,Selangor,Peninsular,5,Active
VAN066,Van,Road,Diesel,"1,000",5,200,70,WPKL,Peninsular,5,Active
VAN067,Van,Road,Diesel,"1,000",5,200,70,WPKL,Peninsular,5,Active
VAN068,Van,Road,Diesel,"1,000",5,200,70,WPKL,Peninsular,5,Active
VAN069,Van,Road,Diesel,"1,000",5,200,70,WPKL,Peninsular,5,Active
VAN070,Van,Road,Diesel,"1,000",5,200,70,WPKL,Peninsular,5,Active
VAN071,Van,Road,Diesel,"1,000",5,200,70,WPKL,Peninsular,5,Active
VAN072,Van,Road,Diesel,"1,000",5,200,70,WPKL,Peninsular,5,Active
VAN073,Van,Road,Diesel,"1,000",5,200,70,WPKL,Peninsular,5,Active
VAN074,Van,Road,Diesel,"1,000",5,200,70,WPKL,Peninsular,5,Active
VAN075,Van,Road,Diesel,"1,000",5,200,70,WPKL,Peninsular,5,Active
VAN076,Van,Road,Diesel,"1,000",5,200,70,WPKL,Peninsular,5,Active
VAN077,Van,Road,Diesel,"1,000",5,200,70,WPKL,Peninsular,5,Active
VAN078,Van,Road,Diesel,"1,000",5,200,70,WPKL,Peninsular,5,Active
VAN079,Van,Road,Diesel,"1,000",5,200,70,WPKL,Peninsular,5,Active
VAN080,Van,Road,Diesel,"1,000",5,200,70,WPKL,Peninsular,5,Active
VAN081,Van,Road,Diesel,"1,000",5,200,70,Negeri Sembilan,Peninsular,5,Active
VAN082,Van,Road,Diesel,"1,000",5,200,70,Negeri Sembilan,Peninsular,5,Active
VAN083,Van,Road,Diesel,"1,000",5,200,70,Negeri Sembilan,Peninsular,5,Active
VAN084,Van,Road,Diesel,"1,000",5,200,70,Negeri Sembilan,Peninsular,5,Active
VAN085,Van,Road,Diesel,"1,000",5,200,70,Negeri Sembilan,Peninsular,5,Active
VAN086,Van,Road,Diesel,"1,000",5,200,70,Negeri Sembilan,Peninsular,5,Active
VAN087,Van,Road,Diesel,"1,000",5,200,70,Negeri Sembilan,Peninsular,5,Active
VAN088,Van,Road,Diesel,"1,000",5,200,70,Negeri Sembilan,Peninsular,5,Active
VAN089,Van,Road,Diesel,"1,000",5,200,70,Negeri Sembilan,Peninsular,5,Active
VAN090,Van,Road,Diesel,"1,000",5,200,70,Negeri Sembilan,Peninsular,5,Active
VAN091,Van,Road,Diesel,"1,000",5,200,70,Negeri Sembilan,Peninsular,5,Active
VAN092,Van,Road,Diesel,"1,000",5,200,70,Negeri Sembilan,Peninsular,5,Active
VAN093,Van,Road,Diesel,"1,000",5,200,70,Negeri Sembilan,Peninsular,5,Active
VAN094,Van,Road,Diesel,"1,000",5,200,70,Negeri Sembilan,Peninsular,5,Active
VAN095,Van,Road,Diesel,"1,000",5,200,70,Negeri Sembilan,Peninsular,5,Active
VAN096,Van,Road,Diesel,"1,000",5,200,70,Melaka,Peninsular,5,Active
VAN097,Van,Road,Diesel,"1,000",5,200,70,Melaka,Peninsular,5,Active
VAN098,Van,Road,Diesel,"1,000",5,200,70,Melaka,Peninsular,5,Active
VAN099,Van,Road,Diesel,"1,000",5,200,70,Melaka,Peninsular,5,Active
VAN100,Van,Road,Diesel,"1,000",5,200,70,Melaka,Peninsular,5,Active
VAN101,Van,Road,Diesel,"1,000",5,200,70,Melaka,Peninsular,5,Active
VAN102,Van,Road,Diesel,"1,000",5,200,70,Melaka,Peninsular,5,Active
VAN103,Van,Road,Diesel,"1,000",5,200,70,Melaka,Peninsular,5,Active
VAN104,Van,Road,Diesel,"1,000",5,200,70,Melaka,Peninsular,5,Active
VAN105,Van,Road,Diesel,"1,000",5,200,70,Melaka,Peninsular,5,Active
VAN106,Van,Road,Diesel,"1,000",5,200,70,Melaka,Peninsular,5,Active
VAN107,Van,Road,Diesel,"1,000",5,200,70,Melaka,Peninsular,5,Active
VAN108,Van,Road,Diesel,"1,000",5,200,70,Melaka,Peninsular,5,Active
VAN109,Van,Road,Diesel,"1,000",5,200,70,Melaka,Peninsular,5,Active
VAN110,Van,Road,Diesel,"1,000",5,200,70,Melaka,Peninsular,5,Active
VAN111,Van,Road,Diesel,"1,000",5,200,70,Johor,Peninsular,5,Active
VAN112,Van,Road,Diesel,"1,000",5,200,70,Johor,Peninsular,5,Active
VAN113,Van,Road,Diesel,"1,000",5,200,70,Johor,Peninsular,5,Active
VAN114,Van,Road,Diesel,"1,000",5,200,70,Johor,Peninsular,5,Active
VAN115,Van,Road,Diesel,"1,000",5,200,70,Johor,Peninsular,5,Active
VAN116,Van,Road,Diesel,"1,000",5,200,70,Johor,Peninsular,5,Active
VAN117,Van,Road,Diesel,"1,000",5,200,70,Johor,Peninsular,5,Active
VAN118,Van,Road,Diesel,"1,000",5,200,70,Johor,Peninsular,5,Active
VAN119,Van,Road,Diesel,"1,000",5,200,70,Johor,Peninsular,5,Active
VAN120,Van,Road,Diesel,"1,000",5,200,70,Johor,Peninsular,5,Active
VAN121,Van,Road,Diesel,"1,000",5,200,70,Johor,Peninsular,5,Active
VAN122,Van,Road,Diesel,"1,000",5,200,70,Johor,Peninsular,5,Active
VAN123,Van,Road,Diesel,"1,000",5,200,70,Johor,Peninsular,5,Active
VAN124,Van,Road,Diesel,"1,000",5,200,70,Johor,Peninsular,5,Active
VAN125,Van,Road,Diesel,"1,000",5,200,70,Johor,Peninsular,5,Active
VAN126,Van,Road,Diesel,"1,000",5,200,70,Pahang,Peninsular,5,Active
VAN127,Van,Road,Diesel,"1,000",5,200,70,Pahang,Peninsular,5,Active
VAN128,Van,Road,Diesel,"1,000",5,200,70,Pahang,Peninsular,5,Active
VAN129,Van,Road,Diesel,"1,000",5,200,70,Pahang,Peninsular,5,Active
VAN130,Van,Road,Diesel,"1,000",5,200,70,Pahang,Peninsular,5,Active
VAN131,Van,Road,Diesel,"1,000",5,200,70,Pahang,Peninsular,5,Active
VAN132,Van,Road,Diesel,"1,000",5,200,70,Pahang,Peninsular,5,Active
VAN133,Van,Road,Diesel,"1,000",5,200,70,Pahang,Peninsular,5,Active
VAN134,Van,Road,Diesel,"1,000",5,200,70,Pahang,Peninsular,5,Active
VAN135,Van,Road,Diesel,"1,000",5,200,70,Pahang,Peninsular,5,Active
VAN136,Van,Road,Diesel,"1,000",5,200,70,Pahang,Peninsular,5,Active
VAN137,Van,Road,Diesel,"1,000",5,200,70,Pahang,Peninsular,5,Active
VAN138,Van,Road,Diesel,"1,000",5,200,70,Pahang,Peninsular,5,Active
VAN139,Van,Road,Diesel,"1,000",5,200,70,Pahang,Peninsular,5,Active
VAN140,Van,Road,Diesel,"1,000",5,200,70,Pahang,Peninsular,5,Active
VAN141,Van,Road,Diesel,"1,000",5,200,70,Kelantan,Peninsular,5,Active
VAN142,Van,Road,Diesel,"1,000",5,200,70,Kelantan,Peninsular,5,Active
VAN143,Van,Road,Diesel,"1,000",5,200,70,Kelantan,Peninsular,5,Active
VAN144,Van,Road,Diesel,"1,000",5,200,70,Kelantan,Peninsular,5,Active
VAN145,Van,Road,Diesel,"1,000",5,200,70,Kelantan,Peninsular,5,Active
VAN146,Van,Road,Diesel,"1,000",5,200,70,Kelantan,Peninsular,5,Active
VAN147,Van,Road,Diesel,"1,000",5,200,70,Kelantan,Peninsular,5,Active
VAN148,Van,Road,Diesel,"1,000",5,200,70,Kelantan,Peninsular,5,Active
VAN149,Van,Road,Diesel,"1,000",5,200,70,Kelantan,Peninsular,5,Active
VAN150,Van,Road,Diesel,"1,000",5,200,70,Kelantan,Peninsular,5,Active
VAN151,Van,Road,Diesel,"1,000",5,200,70,Kelantan,Peninsular,5,Active
VAN152,Van,Road,Diesel,"1,000",5,200,70,Kelantan,Peninsular,5,Active
VAN153,Van,Road,Diesel,"1,000",5,200,70,Kelantan,Peninsular,5,Active
VAN154,Van,Road,Diesel,"1,000",5,200,70,Kelantan,Peninsular,5,Active
VAN155,Van,Road,Diesel,"1,000",5,200,70,Kelantan,Peninsular,5,Active
VAN156,Van,Road,Diesel,"1,000",5,200,70,Terengganu,Peninsular,5,Active
VAN157,Van,Road,Diesel,"1,000",5,200,70,Terengganu,Peninsular,5,Active
VAN158,Van,Road,Diesel,"1,000",5,200,70,Terengganu,Peninsular,5,Active
VAN159,Van,Road,Diesel,"1,000",5,200,70,Terengganu,Peninsular,5,Active
VAN160,Van,Road,Diesel,"1,000",5,200,70,Terengganu,Peninsular,5,Active
VAN161,Van,Road,Diesel,"1,000",5,200,70,Terengganu,Peninsular,5,Active
VAN162,Van,Road,Diesel,"1,000",5,200,70,Terengganu,Peninsular,5,Active
VAN163,Van,Road,Diesel,"1,000",5,200,70,Terengganu,Peninsular,5,Active
VAN164,Van,Road,Diesel,"1,000",5,200,70,Terengganu,Peninsular,5,Active
VAN165,Van,Road,Diesel,"1,000",5,200,70,Terengganu,Peninsular,5,Active
VAN166,Van,Road,Diesel,"1,000",5,200,70,Terengganu,Peninsular,5,Active
VAN167,Van,Road,Diesel,"1,000",5,200,70,Terengganu,Peninsular,5,Active
VAN168,Van,Road,Diesel,"1,000",5,200,70,Terengganu,Peninsular,5,Active
VAN169,Van,Road,Diesel,"1,000",5,200,70,Terengganu,Peninsular,5,Active
VAN170,Van,Road,Diesel,"1,000",5,200,70,Terengganu,Peninsular,5,Active
VAN171,Van,Road,Diesel,"1,000",5,200,70,Sabah,Sabah,5,Active
VAN172,Van,Road,Diesel,"1,000",5,200,70,Sabah,Sabah,5,Active
VAN173,Van,Road,Diesel,"1,000",5,200,70,Sabah,Sabah,5,Active
VAN174,Van,Road,Diesel,"1,000",5,200,70,Sabah,Sabah,5,Active
VAN175,Van,Road,Diesel,"1,000",5,200,70,Sabah,Sabah,5,Active
VAN176,Van,Road,Diesel,"1,000",5,200,70,Sabah,Sabah,5,Active
VAN177,Van,Road,Diesel,"1,000",5,200,70,Sabah,Sabah,5,Active
VAN178,Van,Road,Diesel,"1,000",5,200,70,Sabah,Sabah,5,Active
VAN179,Van,Road,Diesel,"1,000",5,200,70,Sabah,Sabah,5,Active
VAN180,Van,Road,Diesel,"1,000",5,200,70,Sabah,Sabah,5,Active
VAN181,Van,Road,Diesel,"1,000",5,200,70,Sabah,Sabah,5,Active
VAN182,Van,Road,Diesel,"1,000",5,200,70,Sabah,Sabah,5,Active
VAN183,Van,Road,Diesel,"1,000",5,200,70,Sarawak,Sarawak,5,Active
VAN184,Van,Road,Diesel,"1,000",5,200,70,Sarawak,Sarawak,5,Active
VAN185,Van,Road,Diesel,"1,000",5,200,70,Sarawak,Sarawak,5,Active
VAN186,Van,Road,Diesel,"1,000",5,200,70,Sarawak,Sarawak,5,Active
VAN187,Van,Road,Diesel,"1,000",5,200,70,Sarawak,Sarawak,5,Active
VAN188,Van,Road,Diesel,"1,000",5,200,70,Sarawak,Sarawak,5,Active
VAN189,Van,Road,Diesel,"1,000",5,200,70,Sarawak,Sarawak,5,Active
VAN190,Van,Road,Diesel,"1,000",5,200,70,Sarawak,Sarawak,5,Active
VAN191,Van,Road,Diesel,"1,000",5,200,70,Sarawak,Sarawak,5,Active
VAN192,Van,Road,Diesel,"1,000",5,200,70,Sarawak,Sarawak,5,Active
VAN193,Van,Road,Diesel,"1,000",5,200,70,Sarawak,Sarawak,5,Active
VAN194,Van,Road,Diesel,"1,000",5,200,70,Sarawak,Sarawak,5,Active
VAN195,Van,Road,Diesel,"1,000",5,200,70,Sarawak,Sarawak,5,Active
VAN196,Van,Road,Diesel,"1,000",5,200,70,Sarawak,Sarawak,5,Active
VAN197,Van,Road,Diesel,"1,000",5,200,70,Sarawak,Sarawak,5,Active
L1T001,1-Ton Lorry,Road,Diesel,"1,000",5,500,60,Johor,Peninsular,2,Active
L1T002,1-Ton Lorry,Road,Diesel,"1,000",5,500,60,Johor,Peninsular,2,Active
L1T003,1-Ton Lorry,Road,Diesel,"1,000",5,500,60,Johor,Peninsular,2,Active
L1T004,1-Ton Lorry,Road,Diesel,"1,000",5,500,60,Johor,Peninsular,2,Active
L1T005,1-Ton Lorry,Road,Diesel,"1,000",5,500,60,Johor,Peninsular,2,Active
L1T006,1-Ton Lorry,Road,Diesel,"1,000",5,500,60,Kedah,Peninsular,2,Active
L1T007,1-Ton Lorry,Road,Diesel,"1,000",5,500,60,Kedah,Peninsular,2,Active
L1T008,1-Ton Lorry,Road,Diesel,"1,000",5,500,60,Kedah,Peninsular,2,Active
L1T009,1-Ton Lorry,Road,Diesel,"1,000",5,500,60,Kedah,Peninsular,2,Active
L1T010,1-Ton Lorry,Road,Diesel,"1,000",5,500,60,Kedah,Peninsular,2,Active
L1T011,1-Ton Lorry,Road,Diesel,"1,000",5,500,60,Kelantan,Peninsular,2,Active
L1T012,1-Ton Lorry,Road,Diesel,"1,000",5,500,60,Kelantan,Peninsular,2,Active
L1T013,1-Ton Lorry,Road,Diesel,"1,000",5,500,60,Kelantan,Peninsular,2,Active
L1T014,1-Ton Lorry,Road,Diesel,"1,000",5,500,60,Kelantan,Peninsular,2,Active
L1T015,1-Ton Lorry,Road,Diesel,"1,000",5,500,60,Kelantan,Peninsular,2,Active
L1T016,1-Ton Lorry,Road,Diesel,"1,000",5,500,60,Melaka,Peninsular,2,Active
L1T017,1-Ton Lorry,Road,Diesel,"1,000",5,500,60,Melaka,Peninsular,2,Active
L1T018,1-Ton Lorry,Road,Diesel,"1,000",5,500,60,Melaka,Peninsular,2,Active
L1T019,1-Ton Lorry,Road,Diesel,"1,000",5,500,60,Melaka,Peninsular,2,Active
L1T020,1-Ton Lorry,Road,Diesel,"1,000",5,500,60,Melaka,Peninsular,2,Active
L1T021,1-Ton Lorry,Road,Diesel,"1,000",5,500,60,Negeri Sembilan,Peninsular,2,Active
L1T022,1-Ton Lorry,Road,Diesel,"1,000",5,500,60,Negeri Sembilan,Peninsular,2,Active
L1T023,1-Ton Lorry,Road,Diesel,"1,000",5,500,60,Negeri Sembilan,Peninsular,2,Active
L1T024,1-Ton Lorry,Road,Diesel,"1,000",5,500,60,Negeri Sembilan,Peninsular,2,Active
L1T025,1-Ton Lorry,Road,Diesel,"1,000",5,500,60,Negeri Sembilan,Peninsular,2,Active
L1T026,1-Ton Lorry,Road,Diesel,"1,000",5,500,60,Pahang,Peninsular,2,Active
L1T027,1-Ton Lorry,Road,Diesel,"1,000",5,500,60,Pahang,Peninsular,2,Active
L1T028,1-Ton Lorry,Road,Diesel,"1,000",5,500,60,Pahang,Peninsular,2,Active
L1T029,1-Ton Lorry,Road,Diesel,"1,000",5,500,60,Pahang,Peninsular,2,Active
L1T030,1-Ton Lorry,Road,Diesel,"1,000",5,500,60,Pahang,Peninsular,2,Active
L1T031,1-Ton Lorry,Road,Diesel,"1,000",5,500,60,Perak,Peninsular,2,Active
L1T032,1-Ton Lorry,Road,Diesel,"1,000",5,500,60,Perak,Peninsular,2,Active
L1T033,1-Ton Lorry,Road,Diesel,"1,000",5,500,60,Perak,Peninsular,2,Active
L1T034,1-Ton Lorry,Road,Diesel,"1,000",5,500,60,Perak,Peninsular,2,Active
L1T035,1-Ton Lorry,Road,Diesel,"1,000",5,500,60,Perak,Peninsular,2,Active
L1T036,1-Ton Lorry,Road,Diesel,"1,000",5,500,60,Perlis,Peninsular,2,Active
L1T037,1-Ton Lorry,Road,Diesel,"1,000",5,500,60,Perlis,Peninsular,2,Active
L1T038,1-Ton Lorry,Road,Diesel,"1,000",5,500,60,Perlis,Peninsular,2,Active
L1T039,1-Ton Lorry,Road,Diesel,"1,000",5,500,60,Pulau Pinang,Peninsular,2,Active
L1T040,1-Ton Lorry,Road,Diesel,"1,000",5,500,60,Pulau Pinang,Peninsular,2,Active
L1T041,1-Ton Lorry,Road,Diesel,"1,000",5,500,60,Pulau Pinang,Peninsular,2,Active
L1T042,1-Ton Lorry,Road,Diesel,"1,000",5,500,60,Pulau Pinang,Peninsular,2,Active
L1T043,1-Ton Lorry,Road,Diesel,"1,000",5,500,60,Pulau Pinang,Peninsular,2,Active
L1T044,1-Ton Lorry,Road,Diesel,"1,000",5,500,60,Selangor,Peninsular,2,Active
L1T045,1-Ton Lorry,Road,Diesel,"1,000",5,500,60,Selangor,Peninsular,2,Active
L1T046,1-Ton Lorry,Road,Diesel,"1,000",5,500,60,Selangor,Peninsular,2,Active
L1T047,1-Ton Lorry,Road,Diesel,"1,000",5,500,60,Selangor,Peninsular,2,Active
L1T048,1-Ton Lorry,Road,Diesel,"1,000",5,500,60,Selangor,Peninsular,2,Active
L1T049,1-Ton Lorry,Road,Diesel,"1,000",5,500,60,Terengganu,Peninsular,2,Active
L1T050,1-Ton Lorry,Road,Diesel,"1,000",5,500,60,Terengganu,Peninsular,2,Active
L1T051,1-Ton Lorry,Road,Diesel,"1,000",5,500,60,Terengganu,Peninsular,2,Active
L1T052,1-Ton Lorry,Road,Diesel,"1,000",5,500,60,Terengganu,Peninsular,2,Active
L1T053,1-Ton Lorry,Road,Diesel,"1,000",5,500,60,Terengganu,Peninsular,2,Active
L1T054,1-Ton Lorry,Road,Diesel,"1,000",5,500,60,WPKL,Peninsular,2,Active
L1T055,1-Ton Lorry,Road,Diesel,"1,000",5,500,60,WPKL,Peninsular,2,Active
L1T056,1-Ton Lorry,Road,Diesel,"1,000",5,500,60,WPKL,Peninsular,2,Active
L1T057,1-Ton Lorry,Road,Diesel,"1,000",5,500,60,WPKL,Peninsular,2,Active
L1T058,1-Ton Lorry,Road,Diesel,"1,000",5,500,60,WPKL,Peninsular,2,Active
L1T059,1-Ton Lorry,Road,Diesel,"1,000",5,500,60,Sabah,Sabah,2,Active
L1T060,1-Ton Lorry,Road,Diesel,"1,000",5,500,60,Sabah,Sabah,2,Active
L1T061,1-Ton Lorry,Road,Diesel,"1,000",5,500,60,Sabah,Sabah,2,Active
L1T062,1-Ton Lorry,Road,Diesel,"1,000",5,500,60,Sarawak,Sarawak,2,Active
L1T063,1-Ton Lorry,Road,Diesel,"1,000",5,500,60,Sarawak,Sarawak,2,Active
L1T064,1-Ton Lorry,Road,Diesel,"1,000",5,500,60,Sarawak,Sarawak,2,Active
L3T001,3-Ton Lorry,Road,Diesel,"3,000",15,"1,200",60,Johor,Peninsular,2.5,Active
L3T002,3-Ton Lorry,Road,Diesel,"3,000",15,"1,200",60,Johor,Peninsular,2.5,Active
L3T003,3-Ton Lorry,Road,Diesel,"3,000",15,"1,200",60,Johor,Peninsular,2.5,Active
L3T004,3-Ton Lorry,Road,Diesel,"3,000",15,"1,200",60,Johor,Peninsular,2.5,Active
L3T005,3-Ton Lorry,Road,Diesel,"3,000",15,"1,200",60,Johor,Peninsular,2.5,Active
L3T006,3-Ton Lorry,Road,Diesel,"3,000",15,"1,200",60,Kedah,Peninsular,2.5,Active
L3T007,3-Ton Lorry,Road,Diesel,"3,000",15,"1,200",60,Kedah,Peninsular,2.5,Active
L3T008,3-Ton Lorry,Road,Diesel,"3,000",15,"1,200",60,Kedah,Peninsular,2.5,Active
L3T009,3-Ton Lorry,Road,Diesel,"3,000",15,"1,200",60,Kedah,Peninsular,2.5,Active
L3T010,3-Ton Lorry,Road,Diesel,"3,000",15,"1,200",60,Kedah,Peninsular,2.5,Active
L3T011,3-Ton Lorry,Road,Diesel,"3,000",15,"1,200",60,Kelantan,Peninsular,2.5,Active
L3T012,3-Ton Lorry,Road,Diesel,"3,000",15,"1,200",60,Kelantan,Peninsular,2.5,Active
L3T013,3-Ton Lorry,Road,Diesel,"3,000",15,"1,200",60,Kelantan,Peninsular,2.5,Active
L3T014,3-Ton Lorry,Road,Diesel,"3,000",15,"1,200",60,Kelantan,Peninsular,2.5,Active
L3T015,3-Ton Lorry,Road,Diesel,"3,000",15,"1,200",60,Kelantan,Peninsular,2.5,Active
L3T016,3-Ton Lorry,Road,Diesel,"3,000",15,"1,200",60,Melaka,Peninsular,2.5,Active
L3T017,3-Ton Lorry,Road,Diesel,"3,000",15,"1,200",60,Melaka,Peninsular,2.5,Active
L3T018,3-Ton Lorry,Road,Diesel,"3,000",15,"1,200",60,Melaka,Peninsular,2.5,Active
L3T019,3-Ton Lorry,Road,Diesel,"3,000",15,"1,200",60,Melaka,Peninsular,2.5,Active
L3T020,3-Ton Lorry,Road,Diesel,"3,000",15,"1,200",60,Melaka,Peninsular,2.5,Active
L3T021,3-Ton Lorry,Road,Diesel,"3,000",15,"1,200",60,Negeri Sembilan,Peninsular,2.5,Active
L3T022,3-Ton Lorry,Road,Diesel,"3,000",15,"1,200",60,Negeri Sembilan,Peninsular,2.5,Active
L3T023,3-Ton Lorry,Road,Diesel,"3,000",15,"1,200",60,Negeri Sembilan,Peninsular,2.5,Active
L3T024,3-Ton Lorry,Road,Diesel,"3,000",15,"1,200",60,Negeri Sembilan,Peninsular,2.5,Active
L3T025,3-Ton Lorry,Road,Diesel,"3,000",15,"1,200",60,Negeri Sembilan,Peninsular,2.5,Active
L3T026,3-Ton Lorry,Road,Diesel,"3,000",15,"1,200",60,Pahang,Peninsular,2.5,Active
L3T027,3-Ton Lorry,Road,Diesel,"3,000",15,"1,200",60,Pahang,Peninsular,2.5,Active
L3T028,3-Ton Lorry,Road,Diesel,"3,000",15,"1,200",60,Pahang,Peninsular,2.5,Active
L3T029,3-Ton Lorry,Road,Diesel,"3,000",15,"1,200",60,Pahang,Peninsular,2.5,Active
L3T030,3-Ton Lorry,Road,Diesel,"3,000",15,"1,200",60,Pahang,Peninsular,2.5,Active
L3T031,3-Ton Lorry,Road,Diesel,"3,000",15,"1,200",60,Perak,Peninsular,2.5,Active
L3T032,3-Ton Lorry,Road,Diesel,"3,000",15,"1,200",60,Perak,Peninsular,2.5,Active
L3T033,3-Ton Lorry,Road,Diesel,"3,000",15,"1,200",60,Perak,Peninsular,2.5,Active
L3T034,3-Ton Lorry,Road,Diesel,"3,000",15,"1,200",60,Perak,Peninsular,2.5,Active
L3T035,3-Ton Lorry,Road,Diesel,"3,000",15,"1,200",60,Perak,Peninsular,2.5,Active
L3T036,3-Ton Lorry,Road,Diesel,"3,000",15,"1,200",60,Perlis,Peninsular,2.5,Active
L3T037,3-Ton Lorry,Road,Diesel,"3,000",15,"1,200",60,Perlis,Peninsular,2.5,Active
L3T038,3-Ton Lorry,Road,Diesel,"3,000",15,"1,200",60,Perlis,Peninsular,2.5,Active
L3T039,3-Ton Lorry,Road,Diesel,"3,000",15,"1,200",60,Pulau Pinang,Peninsular,2.5,Active
L3T040,3-Ton Lorry,Road,Diesel,"3,000",15,"1,200",60,Pulau Pinang,Peninsular,2.5,Active
L3T041,3-Ton Lorry,Road,Diesel,"3,000",15,"1,200",60,Pulau Pinang,Peninsular,2.5,Active
L3T042,3-Ton Lorry,Road,Diesel,"3,000",15,"1,200",60,Pulau Pinang,Peninsular,2.5,Active
L3T043,3-Ton Lorry,Road,Diesel,"3,000",15,"1,200",60,Pulau Pinang,Peninsular,2.5,Active
L3T044,3-Ton Lorry,Road,Diesel,"3,000",15,"1,200",60,Selangor,Peninsular,2.5,Active
L3T045,3-Ton Lorry,Road,Diesel,"3,000",15,"1,200",60,Selangor,Peninsular,2.5,Active
L3T046,3-Ton Lorry,Road,Diesel,"3,000",15,"1,200",60,Selangor,Peninsular,2.5,Active
L3T047,3-Ton Lorry,Road,Diesel,"3,000",15,"1,200",60,Selangor,Peninsular,2.5,Active
L3T048,3-Ton Lorry,Road,Diesel,"3,000",15,"1,200",60,Selangor,Peninsular,2.5,Active
L3T049,3-Ton Lorry,Road,Diesel,"3,000",15,"1,200",60,Terengganu,Peninsular,2.5,Active
L3T050,3-Ton Lorry,Road,Diesel,"3,000",15,"1,200",60,Terengganu,Peninsular,2.5,Active
L3T051,3-Ton Lorry,Road,Diesel,"3,000",15,"1,200",60,Terengganu,Peninsular,2.5,Active
L3T052,3-Ton Lorry,Road,Diesel,"3,000",15,"1,200",60,Terengganu,Peninsular,2.5,Active
L3T053,3-Ton Lorry,Road,Diesel,"3,000",15,"1,200",60,Terengganu,Peninsular,2.5,Active
L3T054,3-Ton Lorry,Road,Diesel,"3,000",15,"1,200",60,WPKL,Peninsular,2.5,Active
L3T055,3-Ton Lorry,Road,Diesel,"3,000",15,"1,200",60,WPKL,Peninsular,2.5,Active
L3T056,3-Ton Lorry,Road,Diesel,"3,000",15,"1,200",60,WPKL,Peninsular,2.5,Active
L3T057,3-Ton Lorry,Road,Diesel,"3,000",15,"1,200",60,WPKL,Peninsular,2.5,Active
L3T058,3-Ton Lorry,Road,Diesel,"3,000",15,"1,200",60,WPKL,Peninsular,2.5,Active
L3T059,3-Ton Lorry,Road,Diesel,"3,000",15,"1,200",60,Sabah,Sabah,2.5,Active
L3T060,3-Ton Lorry,Road,Diesel,"3,000",15,"1,200",60,Sabah,Sabah,2.5,Active
L3T061,3-Ton Lorry,Road,Diesel,"3,000",15,"1,200",60,Sabah,Sabah,2.5,Active
L3T062,3-Ton Lorry,Road,Diesel,"3,000",15,"1,200",60,Sarawak,Sarawak,2.5,Active
L3T063,3-Ton Lorry,Road,Diesel,"3,000",15,"1,200",60,Sarawak,Sarawak,2.5,Active
L3T064,3-Ton Lorry,Road,Diesel,"3,000",15,"1,200",60,Sarawak,Sarawak,2.5,Active
AIR001,Air Cargo,Air,N/A,"20,000",100,"10,000",700,Nationwide,Nationwide,2,Active
AIR002,Air Cargo,Air,N/A,"20,000",100,"10,000",700,Nationwide,Nationwide,2,Active
AIR003,Air Cargo,Air,N/A,"20,000",100,"10,000",700,Nationwide,Nationwide,2,Active
AIR004,Air Cargo,Air,N/A,"20,000",100,"10,000",700,Nationwide,Nationwide,2,Active
AIR005,Air Cargo,Air,N/A,"20,000",100,"10,000",700,Nationwide,Nationwide,2,Active
AIR006,Air Cargo,Air,N/A,"20,000",100,"10,000",700,Nationwide,Nationwide,2,Active
SEA001,Sea Freight,Sea,N/A,"100,000",500,"50,000",35,Nationwide,Nationwide,2,Active
SEA002,Sea Freight,Sea,N/A,"100,000",500,"50,000",35,Nationwide,Nationwide,2,Active
SEA003,Sea Freight,Sea,N/A,"100,000",500,"50,000",35,Nationwide,Nationwide,2,Active
SEA004,Sea Freight,Sea,N/A,"100,000",500,"50,000",35,Nationwide,Nationwide,2,Active
SEA005,Sea Freight,Sea,N/A,"100,000",500,"50,000",35,Nationwide,Nationwide,2,Active
